Player,Year,Date,Home.Away,Opp,Opp Division,Rslt,Days.Rested,IP,ER,SO,BF,Pit,Str,aLI,RE24,Team.W.L,Num.W.L
Shane Bieber,2022,Apr 7,Away,KCR,AL Central,L1-3,99,4.2,0,4,18,72,48,0.96,1.13,L,0
Shane Bieber,2022,Apr 12,Away,CIN,NL Central,W10-5,4,5.1,3,5,19,79,46,0.78,0.53,W,1
Shane Bieber,2022,Apr 20(1),Home,CHW,AL Central,W11-1,7,6,1,7,21,86,60,0.21,1.79,W,1
Shane Bieber,2022,Apr 25,Away,LAA,AL West,L0-3,4,6.1,3,6,28,100,62,1.04,0.14,L,0
Shane Bieber,2022,Apr 30,Away,OAK,AL West,W3-1,4,7,1,7,28,105,70,1.36,2.16,W,1
Shane Bieber,2022,May 7(1),Home,TOR,AL East,L3-8,6,3.1,7,0,21,71,38,0.76,-6.01,L,0
Shane Bieber,2022,May 14,Away,MIN,AL Central,W3-2,6,6,1,7,28,109,65,1.33,1.79,W,1
Shane Bieber,2022,May 22,Home,DET,AL Central,L2-4,7,7,2,10,28,106,71,1.13,0.26,L,0
Shane Bieber,2022,May 28,Away,DET,AL Central,W8-1,5,8,1,5,30,94,67,0.98,2.69,W,1
Shane Bieber,2022,Jun 3,Away,BAL,AL East,W6-3,5,7,2,11,26,98,69,0.5,2.41,W,1
Shane Bieber,2022,Jun 8,Home,TEX,AL West,W4-0,4,4.1,0,6,15,54,38,0.67,1.45,W,1
Shane Bieber,2022,Jun 14,Away,COL,NL West,W4-3,5,6.2,3,7,29,105,75,1.19,0.68,W,1
Shane Bieber,2022,Jun 19,Away,LAD,NL West,W5-3,4,6.1,2,9,26,98,66,1.08,1.14,W,1
Shane Bieber,2022,Jun 25,Home,BOS,AL East,L2-4,5,7,3,4,27,96,62,0.99,0.26,L,0
Shane Bieber,2022,Jun 30,Home,MIN,AL Central,W5-3,4,6,3,5,24,99,69,0.93,-0.21,W,1
Shane Bieber,2022,Jul 6,Away,DET,AL Central,L2-8,5,5.2,5,6,27,93,57,1.08,-2.65,L,0
Shane Bieber,2022,Jul 12(1),Home,CHW,AL Central,W4-1,5,9,1,7,30,95,72,0.68,3.19,W,1
Shane Bieber,2022,Jul 24,Away,CHW,AL Central,L3-6,11,6,6,4,27,76,57,0.51,-3.06,L,0
Shane Bieber,2022,Jul 29,Away,TBR,AL East,W4-1,4,7,1,8,28,97,66,1.14,2.12,W,1
Shane Bieber,2022,Aug 3,Home,ARI,NL West,W7-4,4,6,2,8,22,94,65,0.89,0.79,W,1
Shane Bieber,2022,Aug 9,Away,DET,AL Central,W5-2,5,7,0,8,26,91,63,1.26,3.23,W,1
Shane Bieber,2022,Aug 14,Away,TOR,AL East,W7-2,4,7,2,6,29,99,73,1.11,1.33,W,1
Shane Bieber,2022,Aug 20,Home,CHW,AL Central,L0-2,5,6.1,1,4,26,99,63,1.08,1.61,L,0
Shane Bieber,2022,Aug 26,Away,SEA,AL West,L2-3,5,7,1,9,25,93,64,1.46,1.16,L,0
Shane Bieber,2022,Sep 1,Home,BAL,AL East,L0-3,5,7,3,11,28,104,70,0.5,0.26,L,0
Shane Bieber,2022,Sep 6,Away,KCR,AL Central,W4-1,4,8,1,7,27,99,64,0.99,2.92,W,1
Shane Bieber,2022,Sep 11,Away,MIN,AL Central,W4-1,4,6.1,1,7,25,100,71,1.19,1.11,W,1
Shane Bieber,2022,Sep 17(1),Home,MIN,AL Central,W5-1,5,8,1,6,27,93,62,0.63,2.72,W,1
Shane Bieber,2022,Sep 22,Away,CHW,AL Central,W4-2,4,7.2,2,5,29,100,68,0.96,1.59,W,1
Shane Bieber,2022,Sep 27,Home,TBR,AL East,L5-6,4,6,4,6,24,90,61,0.88,-1.22,L,0
Shane Bieber,2022,Oct 2,Home,KCR,AL Central,W7-5,4,5,1,3,23,80,52,0.52,0.32,W,1
Zach Plesac,2022,Apr 9,Away,KCR,AL Central,L0-1,99,5.2,0,3,20,70,47,0.95,2.71,L,0
Zach Plesac,2022,Apr 15,Home,SFG,NL West,L1-4,5,5.1,2,4,24,81,53,0.9,0.14,L,0
Zach Plesac,2022,Apr 21,Home,CHW,AL Central,W6-3,5,6.2,1,3,25,85,55,1.11,2.04,W,1
Zach Plesac,2022,Apr 27,Away,LAA,AL West,L5-9,5,3.2,6,2,21,77,47,0.78,-4.82,L,0
Zach Plesac,2022,May 4(1),Home,SDP,NL West,L4-5,6,5,4,4,25,88,52,0.96,-1.65,L,0
Zach Plesac,2022,May 9,Away,CHW,AL Central,W12-9,4,6.1,4,4,28,99,66,0.62,-2.24,W,1
Zach Plesac,2022,May 17,Home,CIN,NL Central,L4-5,7,6,2,3,24,95,65,1.32,0.79,L,0
Zach Plesac,2022,May 24,Away,HOU,AL West,L3-7,6,4.2,7,5,25,90,65,0.94,-4.82,L,0
Zach Plesac,2022,May 30,Home,KCR,AL Central,W7-3,5,6,1,5,23,83,62,1.01,1.79,W,1
Zach Plesac,2022,Jun 5,Away,BAL,AL East,W3-2,5,6,2,8,23,99,65,1.18,0.91,W,1
Zach Plesac,2022,Jun 11,Home,OAK,AL West,L5-10,5,6,3,2,26,88,62,0.98,-0.55,L,0
Zach Plesac,2022,Jun 17,Away,LAD,NL West,W2-1,5,6,1,1,25,93,56,1.16,2.16,W,1
Zach Plesac,2022,Jun 23,Away,MIN,AL Central,L0-1,5,6,1,6,23,100,66,0.74,1.79,L,0
Zach Plesac,2022,Jun 28(1),Home,MIN,AL Central,W3-2,4,6,0,7,23,95,63,1.08,2.79,W,1
Zach Plesac,2022,Jul 4(1),Away,DET,AL Central,L1-4,5,6,2,3,25,93,60,0.81,0.77,L,0
Zach Plesac,2022,Jul 10,Away,KCR,AL Central,L1-5,5,5,4,5,23,85,57,0.89,-1.55,L,0
Zach Plesac,2022,Jul 15,Home,DET,AL Central,W6-5,4,3.2,2,3,19,72,50,1.24,-3.72,W,1
Zach Plesac,2022,Jul 25,Away,BOS,AL East,L1-3,9,5,3,4,21,96,56,0.96,-0.06,L,0
Zach Plesac,2022,Jul 30,Away,TBR,AL East,L4-6,4,5,5,7,23,92,65,0.53,-2.75,L,0
Zach Plesac,2022,Aug 4,Home,HOU,AL West,L0-6,4,4.1,4,4,25,99,56,1.43,-0.82,L,0
Zach Plesac,2022,Aug 11,Away,DET,AL Central,W4-3,6,6.1,1,7,24,100,63,0.94,1.98,W,1
Zach Plesac,2022,Aug 16,Home,DET,AL Central,L3-4,4,5.1,4,3,27,103,66,0.62,-2.08,L,0
Zach Plesac,2022,Aug 27,Away,SEA,AL West,W4-3,10,7,3,6,24,95,65,0.57,0.16,W,1
Zach Plesac,2022,Oct 1,Home,KCR,AL Central,L1-7,34,3.2,1,1,19,69,43,1.02,-2.46,L,0
Cal Quantrill,2022,Apr 10,Away,KCR,AL Central,W17-3,99,5,2,2,21,76,49,0.14,0.45,W,1
Cal Quantrill,2022,Apr 16,Home,SFG,NL West,L2-4,5,4.2,2,2,19,91,51,1.18,1.58,L,0
Cal Quantrill,2022,Apr 23,Away,NYY,AL East,L4-5,6,6.1,3,2,25,90,59,1.09,-0.53,L,0
Cal Quantrill,2022,Apr 28,Away,LAA,AL West,L1-4,4,6,1,4,25,98,59,0.81,-0.09,L,0
Cal Quantrill,2022,May 4(2),Home,SDP,NL West,W6-5,5,6,3,7,25,98,62,0.84,-0.21,W,1
Cal Quantrill,2022,May 10,Away,CHW,AL Central,L1-4,5,6.1,4,3,28,98,71,0.97,-1.24,L,0
Cal Quantrill,2022,May 19,Home,CIN,NL Central,L2-4,8,7,1,5,23,95,69,1.02,2.26,L,0
Cal Quantrill,2022,May 25,Away,HOU,AL West,L1-2,5,6,2,3,26,95,59,1.29,0.88,L,0
Cal Quantrill,2022,May 31,Home,KCR,AL Central,W8-3,5,6.1,3,5,26,97,66,0.74,0.38,W,1
Cal Quantrill,2022,Jun 7(1),Home,TEX,AL West,W6-3,6,7,3,3,30,90,62,0.99,0.26,W,1
Cal Quantrill,2022,Jun 12,Home,OAK,AL West,W6-3,4,6,1,4,23,90,61,0.94,1.79,W,1
Cal Quantrill,2022,Jun 18,Away,LAD,NL West,L1-7,5,5,5,4,26,93,58,0.73,-2.37,L,0
Cal Quantrill,2022,Jun 24,Home,BOS,AL East,L3-6,5,5,2,4,21,89,55,1.28,0.33,L,0
Cal Quantrill,2022,Jun 29,Home,MIN,AL Central,W7-6,4,8,3,3,32,97,66,0.94,0.72,W,1
Cal Quantrill,2022,Jul 5,Away,DET,AL Central,L4-11,5,4,3,4,23,84,50,0.9,-4.16,L,0
Cal Quantrill,2022,Jul 11,Home,CHW,AL Central,W8-4,5,6,4,3,26,93,60,0.91,-2.55,W,1
Cal Quantrill,2022,Jul 16,Home,DET,AL Central,W10-0,4,6,0,5,23,100,62,0.5,2.79,W,1
Cal Quantrill,2022,Jul 22,Away,CHW,AL Central,W8-2,5,5,2,4,23,97,58,0.73,0.45,W,1
Cal Quantrill,2022,Jul 27,Away,BOS,AL East,W7-6,4,5.1,5,4,25,95,63,1.12,-3.19,W,1
Cal Quantrill,2022,Aug 1,Home,ARI,NL West,W6-5,4,6,4,4,25,94,56,1.24,-1.21,W,1
Cal Quantrill,2022,Aug 6,Home,HOU,AL West,W4-1,4,6,0,4,21,85,55,0.64,2.79,W,1
Cal Quantrill,2022,Aug 12,Away,TOR,AL East,W8-0,5,7,0,7,22,98,64,0.28,3.33,W,1
Cal Quantrill,2022,Aug 17,Home,DET,AL Central,W8-4,4,6,4,2,25,99,60,1.16,-1.21,W,1
Cal Quantrill,2022,Aug 24,Away,SDP,NL West,W7-0,6,7,0,6,27,99,63,0.54,3.23,W,1
Cal Quantrill,2022,Aug 30,Home,BAL,AL East,W5-1,5,6,1,4,22,92,59,0.97,1.79,W,1
Cal Quantrill,2022,Sep 4,Home,SEA,AL West,L3-6,4,3,2,3,14,55,37,0.95,-1.58,L,0
Cal Quantrill,2022,Sep 9,Away,MIN,AL Central,W7-6,4,5,1,7,24,96,61,0.84,0.33,W,1
Cal Quantrill,2022,Sep 14,Home,LAA,AL West,W5-3,4,7,3,6,27,93,59,0.89,0.26,W,1
Cal Quantrill,2022,Sep 19,Home,MIN,AL Central,W11-4,4,5.1,3,2,26,95,60,1.12,-1.74,W,1
Cal Quantrill,2022,Sep 24,Away,TEX,AL West,W4-2,4,6,1,4,26,83,50,1.17,1.88,W,1
Cal Quantrill,2022,Sep 29,Home,TBR,AL East,W2-1,4,6,1,4,22,86,59,0.81,1.78,W,1
Cal Quantrill,2022,Oct 4,Home,KCR,AL Central,W5-3,4,5,1,4,19,78,52,0.91,1.32,W,1
Aaron Civale,2022,Apr 11,Away,KCR,AL Central,W10-7,99,3.1,2,3,19,74,46,1.65,-1.98,W,1
Aaron Civale,2022,Apr 17,Home,SFG,NL West,L1-8,5,4,3,5,17,74,50,0.75,-2.14,L,0
Aaron Civale,2022,Apr 24,Away,NYY,AL East,L2-10,6,3,6,3,18,61,38,0.6,-4.56,L,0
Aaron Civale,2022,Apr 29,Away,OAK,AL West,W9-8,4,4,6,3,21,82,52,1,-4.18,W,1
Aaron Civale,2022,May 5,Home,TOR,AL East,W6-5,5,5.2,4,8,24,99,60,0.97,-1.52,W,1
Aaron Civale,2022,May 13,Away,MIN,AL Central,L8-12,7,4.2,6,5,22,94,55,0.96,-2.09,L,0
Aaron Civale,2022,May 20,Home,DET,AL Central,W6-1,6,6.1,0,3,23,94,67,0.9,2.11,W,1
Aaron Civale,2022,Jun 21,Away,MIN,AL Central,W6-5,31,5,2,7,21,80,56,1.08,0.33,W,1
Aaron Civale,2022,Jun 26,Home,BOS,AL East,L3-8,4,4,3,2,22,87,56,1.23,-1.15,L,0
Aaron Civale,2022,Jul 2(2),Home,NYY,AL East,L1-6,5,6,4,6,22,99,61,0.86,-0.18,L,0
Aaron Civale,2022,Jul 8,Away,KCR,AL Central,L3-4,5,7,1,6,26,91,61,1.26,2.43,L,0
Aaron Civale,2022,Jul 13,Home,CHW,AL Central,L1-2,4,1,0,1,5,20,14,1.02,0.46,L,0
Aaron Civale,2022,Aug 10,Away,DET,AL Central,W3-2,27,4,2,4,16,62,39,1.19,-0.16,W,1
Aaron Civale,2022,Aug 15(1),Home,DET,AL Central,W4-1,4,6,1,10,22,82,56,0.95,1.79,W,1
Aaron Civale,2022,Aug 23,Away,SDP,NL West,W3-1,7,4.2,1,4,21,95,50,1.25,1.1,W,1
Aaron Civale,2022,Aug 28,Away,SEA,AL West,L0-4,4,6.1,4,5,25,89,53,0.84,-1.32,L,0
Aaron Civale,2022,Sep 20,Away,CHW,AL Central,W10-7,22,5,2,2,20,69,40,1.15,1.46,W,1
Aaron Civale,2022,Sep 25,Away,TEX,AL West,W10-4,4,5,2,7,18,75,51,0.85,0.37,W,1
Aaron Civale,2022,Sep 30,Home,KCR,AL Central,W6-3,4,6,2,5,21,76,54,0.65,-0.22,W,1
Aaron Civale,2022,Oct 5,Home,KCR,AL Central,W9-2,4,6,2,9,24,84,58,0.54,0.78,W,1
Triston McKenizie,2022,Apr 13,Away,CIN,NL Central,W7-3,5,4,0,6,15,67,50,0.72,2.17,W,1
Triston McKenizie,2022,Apr 20(2),Home,CHW,AL Central,W2-1,6,4.1,1,4,18,80,40,1,0.68,W,1
Triston McKenizie,2022,Apr 26,Away,LAA,AL West,L1-4,5,5.2,4,6,24,90,68,0.58,-1.19,L,0
Triston McKenizie,2022,May 1,Away,OAK,AL West,W7-3,4,6.1,0,7,25,96,59,0.37,2.33,W,1
Triston McKenizie,2022,May 7(2),Home,TOR,AL East,W8-2,5,6,2,6,21,102,68,1.03,0.79,W,1
Triston McKenizie,2022,May 15,Away,MIN,AL Central,L1-3,7,7,3,4,26,95,64,0.6,0.26,L,0
Triston McKenizie,2022,May 23,Away,HOU,AL West,W6-1,7,7,1,3,24,95,62,0.72,2.36,W,1
Triston McKenizie,2022,May 29,Away,DET,AL Central,L1-2,5,7.2,2,8,28,90,61,0.64,1.27,L,0
Triston McKenizie,2022,Jun 4,Away,BAL,AL East,L4-5,5,7,5,4,27,86,54,0.79,-1.6,L,0
Triston McKenizie,2022,Jun 10,Home,OAK,AL West,W3-2,5,6,2,6,26,97,63,0.68,0.79,W,1
Triston McKenizie,2022,Jun 16,Away,COL,NL West,W4-2,5,6,1,6,26,93,63,1.17,2.37,W,1
Triston McKenizie,2022,Jun 22,Away,MIN,AL Central,W11-10,5,4.1,6,5,22,77,50,0.76,-3.92,W,1
Triston McKenizie,2022,Jun 27,Home,MIN,AL Central,L1-11,4,6,7,7,27,96,63,0.48,-4.21,L,0
Triston McKenizie,2022,Jul 3,Home,NYY,AL East,W2-0,5,7,0,7,24,92,56,1.18,3.26,W,1
Triston McKenizie,2022,Jul 9,Away,KCR,AL Central,W13-1,5,6,0,4,22,88,48,0.26,2.94,W,1
Triston McKenizie,2022,Jul 14,Home,DET,AL Central,W4-0,4,8,0,12,29,109,78,0.81,3.72,W,1
Triston McKenizie,2022,Jul 23(1),Away,CHW,AL Central,W7-4,8,5.2,1,4,23,94,62,0.99,1.51,W,1
Triston McKenizie,2022,Jul 28,Away,BOS,AL East,L2-4,4,7,4,6,27,91,61,1.01,-0.41,L,0
Triston McKenizie,2022,Aug 2,Home,ARI,NL West,L3-6,4,6,4,7,24,91,69,0.8,-2.21,L,0
Triston McKenizie,2022,Aug 7,Home,HOU,AL West,W1-0,4,8,0,8,26,91,66,1.12,3.72,W,1
Triston McKenizie,2022,Aug 13,Away,TOR,AL East,L1-2,5,6.2,2,3,25,101,69,0.99,1.02,L,0
Triston McKenizie,2022,Aug 19,Home,CHW,AL Central,W5-2,5,7,2,14,26,101,78,0.83,1.26,W,1
Triston McKenizie,2022,Aug 25,Away,SEA,AL West,L1-3,5,6,3,4,23,93,56,0.59,-0.29,L,0
Triston McKenizie,2022,Aug 31,Home,BAL,AL East,L0-4,5,5,2,7,21,97,64,1.13,0.33,L,0
Triston McKenizie,2022,Sep 5,Away,KCR,AL Central,W6-5,4,5.2,2,5,23,101,72,1.31,-0.29,W,1
Triston McKenizie,2022,Sep 10,Away,MIN,AL Central,W6-4,4,7,0,5,28,97,66,0.69,3.26,W,1
Triston McKenizie,2022,Sep 16,Home,MIN,AL Central,W4-3,5,7,3,8,28,89,69,0.67,0.26,W,1
Triston McKenizie,2022,Sep 21,Away,CHW,AL Central,W8-2,4,8,2,13,30,100,73,0.39,1.92,W,1
Triston McKenizie,2022,Sep 28,Home,TBR,AL East,W2-1,6,6,1,6,22,88,62,0.9,1.78,W,1
Triston McKenizie,2022,Oct 3,Home,KCR,AL Central,L2-5,4,5,1,4,19,73,52,1.12,1.32,L,0
Cal Quantrill,2021,May 31(2),Home,CHW,AL Central,W3-1,4,3.2,1,5,14,60,38,1.15,1,W,1
Cal Quantrill,2021,Jun 6,Away,BAL,AL East,L5-18,5,1.1,5,1,11,44,30,1.17,-5.37,L,0
Cal Quantrill,2021,Jun 15,Home,BAL,AL East,W7-2,5,4,1,4,16,60,41,0.95,1.11,W,1
Cal Quantrill,2021,Jun 19,Away,PIT,NL Central,L3-6,3,5,0,2,20,77,51,1.05,2.51,L,0
Cal Quantrill,2021,Jun 25,Away,MIN,AL Central,L7-8,5,4.1,6,2,20,63,42,1.02,-3.37,L,0
Cal Quantrill,2021,Jun 30(1),Home,DET,AL Central,L4-9,4,3.1,4,3,19,67,43,1.76,-2.33,L,0
Cal Quantrill,2021,Jul 4,Home,HOU,AL West,L3-4,3,5.1,3,3,24,94,56,1.2,-0.12,L,0
Cal Quantrill,2021,Jul 10,Home,KCR,AL Central,W14-6,5,6,3,1,23,90,59,0.68,0.16,W,1
Cal Quantrill,2021,Jul 17,Away,OAK,AL West,W3-2,6,5,1,5,22,85,48,1.3,1.48,W,1
Cal Quantrill,2021,Jul 22,Home,TBR,AL East,L4-5,4,6,1,2,24,94,50,1.13,2.16,L,0
Cal Quantrill,2021,Jul 27,Home,STL,NL Central,L2-4,4,6,1,5,23,90,58,1.28,2.16,L,0
Cal Quantrill,2021,Aug 1,Away,CHW,AL Central,L1-2,4,6,0,6,26,100,63,1.57,2.16,L,0
Cal Quantrill,2021,Aug 6,Home,DET,AL Central,W6-1,4,7,0,10,24,98,69,0.51,3.69,W,1
Cal Quantrill,2021,Aug 11,Home,OAK,AL West,L3-6,4,6,2,5,23,93,65,0.9,1.81,L,0
Cal Quantrill,2021,Aug 16,Away,MIN,AL Central,L4-5,4,5,3,4,24,92,51,1.23,-0.44,L,0
Cal Quantrill,2021,Aug 22,Home,LAA,AL West,W3-0,5,7,0,9,24,94,62,0.92,3.69,W,1
Cal Quantrill,2021,Aug 28,Home,BOS,AL East,L3-5,5,7,1,6,28,96,62,1.23,1.69,L,0
Cal Quantrill,2021,Sep 3,Away,BOS,AL East,L5-8,5,6,5,6,27,99,63,0.79,-1.09,L,0
Cal Quantrill,2021,Sep 9,Home,MIN,AL Central,W4-1,5,7.2,1,5,27,109,72,0.9,2.98,W,1
Cal Quantrill,2021,Sep 15,Away,MIN,AL Central,W12-3,5,6.2,0,4,25,100,59,0.47,0.34,W,1
Cal Quantrill,2021,Sep 21,Home,KCR,AL Central,W4-1,5,6.2,1,6,27,102,61,0.68,2.45,W,1
Cal Quantrill,2021,Sep 27,Home,KCR,AL Central,W8-3,5,6,3,5,24,94,57,1.09,0.16,W,1
Eli Morgan,2021,May 28,Home,TOR,AL East,L2-11,99,2.2,6,1,17,65,35,1.19,-4.66,L,0
Eli Morgan,2021,Jun 17,Home,BAL,AL East,W10-3,19,3.2,3,5,18,67,48,0.92,-0.23,W,1
Eli Morgan,2021,Jun 22,Away,CHC,NL Central,L1-7,4,5,4,9,19,71,52,0.73,-1.07,L,0
Eli Morgan,2021,Jun 28,Home,DET,AL Central,W13-5,5,5,4,4,21,69,48,0.5,-1.37,W,1
Eli Morgan,2021,Jul 3,Home,HOU,AL West,L2-3,4,5,3,3,21,86,52,0.88,-0.37,L,0
Eli Morgan,2021,Jul 16,Away,OAK,AL West,L4-5,12,5,3,6,23,84,56,0.7,-0.52,L,0
Eli Morgan,2021,Jul 21,Away,HOU,AL West,W5-4,4,5,3,5,18,77,52,0.8,0.01,W,1
Eli Morgan,2021,Aug 2,Away,TOR,AL East,W5-2,11,6,2,9,24,92,62,0.97,1.19,W,1
Eli Morgan,2021,Aug 7,Home,DET,AL Central,L1-2,4,7,2,3,28,88,63,0.97,1.69,L,0
Eli Morgan,2021,Aug 12,Home,OAK,AL West,L0-17,4,4,5,1,21,72,45,0.97,-2.89,L,0
Eli Morgan,2021,Aug 17,Away,MIN,AL Central,W3-1,4,6,0,8,22,90,64,1.13,3.07,W,1
Eli Morgan,2021,Aug 24,Home,TEX,AL West,L3-7,6,4.1,4,4,22,76,51,0.69,-1.8,L,0
Eli Morgan,2021,Aug 29,Home,BOS,AL East,W7-5,4,3,2,3,11,45,26,0.63,-0.42,W,1
Eli Morgan,2021,Sep 4,Away,BOS,AL East,L3-4,5,5.2,0,7,23,96,53,1.29,3.06,L,0
Eli Morgan,2021,Sep 10,Home,MIL,NL Central,L3-10,5,4.1,7,2,25,81,54,1.12,-3.97,L,0
Eli Morgan,2021,Sep 19,Away,NYY,AL East,W11-1,8,6,1,3,22,85,62,0.72,2.13,W,1
Eli Morgan,2021,Sep 25,Home,CHW,AL Central,W6-0,5,6,0,6,21,85,61,0.98,3.16,W,1
Eli Morgan,2021,Oct 1,Away,TEX,AL West,W9-6,5,5.2,4,2,23,85,55,0.72,-1.01,W,1
Triston McKenzie,2021,Apr 12,Away,CHW,AL Central,L3-4,6,4,3,6,15,76,45,0.95,-0.89,L,0
Triston McKenzie,2021,Apr 17,Away,CIN,NL Central,L2-3,4,5,1,7,23,87,45,1.31,1.89,L,0
Triston McKenzie,2021,Apr 25,Home,NYY,AL East,W7-3,7,4,3,5,20,87,46,0.96,-0.89,W,1
Triston McKenzie,2021,May 1,Away,CHW,AL Central,L3-7,5,2,5,6,11,57,31,1.24,-3.95,L,0
Triston McKenzie,2021,May 6,Away,KCR,AL Central,W4-0,4,5,0,5,21,92,56,1.36,1.72,W,1
Triston McKenzie,2021,May 15,Away,SEA,AL West,L3-7,8,4.1,5,6,21,90,56,0.7,-2.43,L,0
Triston McKenzie,2021,May 21,Home,MIN,AL Central,L0-10,5,3.1,6,4,17,72,37,0.91,-2.5,L,0
Triston McKenzie,2021,May 26,Away,DET,AL Central,L0-1,4,5,0,5,18,73,44,1.03,2.5,L,0
Triston McKenzie,2021,May 31(1),Home,CHW,AL Central,L6-8,4,5.1,5,10,21,86,54,1.16,-1.39,L,0
Triston McKenzie,2021,Jun 12,Home,SEA,AL West,W5-4,11,0.2,1,0,6,32,12,1.73,-1.26,W,1
Triston McKenzie,2021,Jul 9,Home,KCR,AL Central,W2-1,26,7,0,9,23,85,57,1.08,3.69,W,1
Triston McKenzie,2021,Jul 20,Away,HOU,AL West,L3-9,10,4,5,3,22,93,63,0.92,-2.52,L,0
Triston McKenzie,2021,Jul 25,Home,TBR,AL East,W3-2,4,6,2,6,24,87,63,1.11,1.16,W,1
Triston McKenzie,2021,Jul 31,Away,CHW,AL Central,W12-11,5,4,6,2,19,83,47,0.83,-3.89,W,1
Triston McKenzie,2021,Aug 5,Away,TOR,AL East,L0-3,4,7,3,4,26,90,66,0.6,0.72,L,0
Triston McKenzie,2021,Aug 10,Home,OAK,AL West,L3-4,4,6,2,5,23,86,59,0.91,1.16,L,0
Triston McKenzie,2021,Aug 15,Away,DET,AL Central,W11-0,4,8,0,11,25,106,73,0.12,4,W,1
Triston McKenzie,2021,Aug 21,Home,LAA,AL West,W5-1,5,7,1,8,24,95,68,0.75,3.3,W,1
Triston McKenzie,2021,Sep 2,Away,KCR,AL Central,W4-2,11,6,1,6,22,76,57,0.86,2.28,W,1
Triston McKenzie,2021,Sep 8,Home,MIN,AL Central,L0-3,5,6,1,7,21,83,53,0.97,2.16,L,0
Triston McKenzie,2021,Sep 14(1),Away,MIN,AL Central,W3-1,5,6,1,7,21,72,55,1.25,2.07,W,1
Triston McKenzie,2021,Sep 20(1),Home,KCR,AL Central,L2-7,5,4.1,7,4,22,74,50,0.89,-4.65,L,0
Triston McKenzie,2021,Sep 26,Home,CHW,AL Central,L2-5,5,2.1,3,3,16,61,37,1.26,-3.02,L,0
Triston McKenzie,2021,Oct 2,Away,TEX,AL West,L2-7,5,4,4,2,18,74,40,0.94,-1.94,L,0
Zach Plesac,2021,Apr 3,Away,DET,AL Central,L2-5,99,6,2,4,26,94,58,0.85,1,L,0
Zach Plesac,2021,Apr 9,Home,DET,AL Central,W4-1,5,7,0,6,23,97,70,0.7,3.69,W,1
Zach Plesac,2021,Apr 14,Away,CHW,AL Central,L0-8,4,0.2,6,0,9,26,17,0.95,-5.71,L,0
Zach Plesac,2021,Apr 20,Home,CHW,AL Central,L5-8,5,5,6,4,22,92,62,0.91,-2.76,L,0
Zach Plesac,2021,Apr 26,Home,MIN,AL Central,W5-3,5,7.2,3,4,29,93,64,1.01,0.76,W,1
Zach Plesac,2021,May 2,Away,CHW,AL Central,W5-0,5,5.2,0,6,25,110,68,1.23,2.92,W,1
Zach Plesac,2021,May 7,Home,CIN,NL Central,L0-3,4,8,0,7,27,112,80,1.13,4.22,L,0
Zach Plesac,2021,May 13,Away,SEA,AL West,W4-2,5,8,2,2,28,96,66,0.66,1.96,W,1
Zach Plesac,2021,May 18,Away,LAA,AL West,W6-5,4,7,5,4,28,98,71,1.15,-1.28,W,1
Zach Plesac,2021,May 23,Home,MIN,AL Central,L5-8,4,3.2,3,1,18,63,40,1.18,-3.51,L,0
Zach Plesac,2021,Jul 8,Home,KCR,AL Central,W7-4,45,4,3,4,17,55,38,0.74,-0.89,W,1
Zach Plesac,2021,Jul 18,Away,OAK,AL West,W4-2,9,6,2,3,23,87,56,0.99,0.97,W,1
Zach Plesac,2021,Jul 23,Home,TBR,AL East,L5-10,4,6.2,4,3,29,99,64,0.79,-0.65,L,0
Zach Plesac,2021,Jul 28,Home,STL,NL Central,W7-2,4,5,2,4,24,89,57,1.05,0.64,W,1
Zach Plesac,2021,Aug 3,Away,TOR,AL East,L2-7,5,5,6,0,24,82,55,0.61,-3.34,L,0
Zach Plesac,2021,Aug 8,Home,DET,AL Central,W7-5,4,4,4,6,19,84,48,1.02,-2.89,W,1
Zach Plesac,2021,Aug 13,Away,DET,AL Central,W7-4,4,7.2,2,9,28,101,74,0.7,1.9,W,1
Zach Plesac,2021,Aug 18,Away,MIN,AL Central,L7-8,4,4.2,5,2,24,73,44,1.15,-2.77,L,0
Zach Plesac,2021,Aug 25,Home,TEX,AL West,W7-2,6,5.2,2,4,27,97,57,1.31,0.83,W,1
Zach Plesac,2021,Aug 31,Away,KCR,AL Central,W7-2,5,7,0,7,22,96,59,0.84,3.83,W,1
Zach Plesac,2021,Sep 5,Away,BOS,AL East,W11-5,4,5,3,5,27,101,68,1.17,-0.16,W,1
Zach Plesac,2021,Sep 11,Home,MIL,NL Central,L0-3,5,6,2,3,24,84,52,0.63,0.16,L,0
Zach Plesac,2021,Sep 17,Away,NYY,AL East,L0-8,5,6,5,6,25,93,68,0.71,-0.88,L,0
Zach Plesac,2021,Sep 23(2),Home,CHW,AL Central,W5-3,5,5.1,2,4,22,86,59,1.34,1.56,W,1
Zach Plesac,2021,Sep 29,Away,KCR,AL Central,L5-10,5,6,5,2,28,97,61,1,-1.72,L,0
Aaron Civale,2021,Apr 4,Away,DET,AL Central,W9-3,99,7,3,6,24,91,57,0.62,0.5,W,1
Aaron Civale,2021,Apr 10,Home,DET,AL Central,W11-3,5,7.2,1,6,24,90,56,0.43,3.11,W,1
Aaron Civale,2021,Apr 15,Away,CHW,AL Central,W4-2,4,6,1,4,25,99,59,0.96,2.16,W,1
Aaron Civale,2021,Apr 22,Home,NYY,AL East,L3-6,6,5.1,2,6,24,93,53,1.12,-0.39,L,0
Aaron Civale,2021,Apr 27,Home,MIN,AL Central,W7-4,4,7.2,4,4,30,99,68,1.01,0.11,W,1
Aaron Civale,2021,May 3,Away,KCR,AL Central,W8-6,5,5.2,3,2,27,100,61,1.25,-0.18,W,1
Aaron Civale,2021,May 8,Home,CIN,NL Central,W9-2,4,7,1,5,28,107,67,0.78,2.69,W,1
Aaron Civale,2021,May 14,Away,SEA,AL West,L3-7,5,6.2,5,6,27,107,69,0.53,-0.85,L,0
Aaron Civale,2021,May 19,Away,LAA,AL West,W3-2,4,7,2,8,25,114,71,1.04,1.72,W,1
Aaron Civale,2021,May 25,Away,DET,AL Central,W4-1,5,8,1,6,31,104,66,0.99,3.01,W,1
Aaron Civale,2021,May 30(1),Home,TOR,AL East,L1-4,4,6,4,1,27,87,61,0.94,-1.33,L,0
Aaron Civale,2021,Jun 5,Away,BAL,AL East,W10-4,5,6,4,4,25,100,69,0.77,-0.78,W,1
Aaron Civale,2021,Jun 11,Home,SEA,AL West,W7-0,5,8,0,11,27,101,71,0.55,4.22,W,1
Aaron Civale,2021,Jun 16,Home,BAL,AL East,W8-7,4,5,5,2,24,96,60,0.97,-2.37,W,1
Aaron Civale,2021,Jun 21,Away,CHC,NL Central,W4-0,4,4.2,0,5,16,64,41,1.25,2.19,W,1
Aaron Civale,2021,Sep 7,Home,MIN,AL Central,L0-3,77,4.2,1,6,18,78,52,1.03,1.3,L,0
Aaron Civale,2021,Sep 12,Home,MIL,NL Central,L1-11,4,3,5,3,18,64,40,0.67,-5.42,L,0
Aaron Civale,2021,Sep 18,Away,NYY,AL East,W11-3,5,6,0,4,21,91,53,0.67,3.13,W,1
Aaron Civale,2021,Sep 23(1),Home,CHW,AL Central,L2-7,4,1.2,7,3,14,45,30,0.62,-6.46,L,0
Aaron Civale,2021,Sep 28,Away,KCR,AL Central,L4-6,4,5.1,4,3,21,90,56,1.04,-1.01,L,0
Aaron Civale,2021,Oct 3,Away,TEX,AL West,W6-0,4,6,0,4,22,82,54,0.72,3.09,W,1
Zach Plesac,2019,May 28,Away,BOS,AL East,W7-5,99,5.1,1,2,20,86,57,1.03,2.51,W,1
Zach Plesac,2019,Jun 2,Away,CHW,AL Central,L0-2,4,7,1,7,24,96,65,0.82,2.79,L,0
Zach Plesac,2019,Jun 7,Home,NYY,AL East,W5-2,4,7,2,5,26,111,70,0.94,2.02,W,1
Zach Plesac,2019,Jun 12,Home,CIN,NL Central,L2-7,4,5.1,4,6,23,87,59,0.76,-1.55,L,0
Zach Plesac,2019,Jun 18,Away,TEX,AL West,W10-3,5,7,1,6,27,102,60,0.44,2.26,W,1
Zach Plesac,2019,Jun 23,Home,DET,AL Central,W8-3,4,7,1,2,25,97,69,0.69,3.02,W,1
Zach Plesac,2019,Jun 29,Away,BAL,AL East,L0-13,5,3.2,7,4,22,90,55,0.99,-4.91,L,0
Zach Plesac,2019,Jul 4,Away,KCR,AL Central,W8-4,4,2.2,2,1,14,58,32,1.36,-2.13,W,1
Zach Plesac,2019,Jul 16,Home,DET,AL Central,W8-0,11,3,0,1,9,39,23,0.65,1.72,W,1
Zach Plesac,2019,Jul 21,Home,KCR,AL Central,W5-4,4,6,2,6,24,106,67,0.93,1.45,W,1
Zach Plesac,2019,Jul 26,Away,KCR,AL Central,W8-3,4,7,0,4,29,104,72,1.2,2.95,W,1
Zach Plesac,2019,Jul 31,Home,HOU,AL West,W10-4,4,5,4,3,24,93,60,1.16,-1.76,W,1
Zach Plesac,2019,Aug 7(1),Home,TEX,AL West,W2-0,6,6,0,7,25,106,75,1.03,3.45,W,1
Zach Plesac,2019,Aug 12,Home,BOS,AL East,W6-5,4,5,3,2,22,78,46,0.99,-0.13,W,1
Zach Plesac,2019,Aug 17,Away,NYY,AL East,L5-6,4,4.2,4,5,20,96,63,0.89,-2.41,L,0
Zach Plesac,2019,Aug 23,Home,KCR,AL Central,W4-1,5,5.2,1,5,21,91,58,0.89,2.05,W,1
Zach Plesac,2019,Aug 31,Away,TBR,AL East,L6-9,7,5,4,4,22,84,51,0.94,-0.74,L,0
Zach Plesac,2019,Sep 5,Home,CHW,AL Central,L1-7,4,5,6,4,25,90,59,0.91,-1.98,L,0
Zach Plesac,2019,Sep 10,Away,LAA,AL West,W8-0,4,9,0,5,32,114,78,0.36,4.97,W,1
Zach Plesac,2019,Sep 21,Home,PHI,NL East,L4-9,10,4.1,4,3,20,90,56,1.03,-0.38,L,0
Zach Plesac,2019,Sep 27,Away,WSN,NL East,L2-8,5,5,2,6,21,74,49,1.15,0.7,L,0
Adam Plutko,2019,May 18,Home,BAL,AL East,W4-1,99,6,1,4,20,83,54,0.87,2.45,W,1
Adam Plutko,2019,May 23,Home,TBR,AL East,L2-7,4,5.1,7,3,27,87,64,0.64,-3.29,L,0
Adam Plutko,2019,Jun 8,Home,NYY,AL East,W8-4,15,6,2,4,21,85,61,0.7,1.45,W,1
Adam Plutko,2019,Jun 14,Away,DET,AL Central,W13-4,5,6,2,6,24,107,71,0.54,0.35,W,1
Adam Plutko,2019,Jun 19,Away,TEX,AL West,W10-4,4,4.1,2,5,21,89,60,0.72,-0.7,W,1
Adam Plutko,2019,Jun 24,Home,KCR,AL Central,W3-2,4,4,1,3,13,34,24,0.78,1.3,W,1
Adam Plutko,2019,Jul 15,Home,DET,AL Central,W8-6,16,5.1,5,1,23,77,51,0.97,-1.86,W,1
Adam Plutko,2019,Jul 20,Home,KCR,AL Central,L0-1,4,7,1,4,25,103,68,0.8,3.02,L,0
Adam Plutko,2019,Jul 25,Away,KCR,AL Central,W5-4,4,5.1,3,1,24,102,65,0.96,0.8,W,1
Adam Plutko,2019,Aug 3,Home,LAA,AL West,W7-2,8,5.1,1,4,21,87,57,1,1.96,W,1
Adam Plutko,2019,Aug 10,Away,MIN,AL Central,L1-4,6,6,4,3,27,92,58,0.71,-1.11,L,0
Adam Plutko,2019,Aug 15,Away,NYY,AL East,W19-5,4,6,3,3,26,103,65,0.32,0.25,W,1
Adam Plutko,2019,Aug 21,Away,NYM,NL East,L3-4,5,6,2,5,23,85,57,1.06,0.95,L,0
Adam Plutko,2019,Aug 27,Away,DET,AL Central,W10-1,5,5.2,1,9,22,107,70,0.91,2.1,W,1
Adam Plutko,2019,Sep 1,Away,TBR,AL East,L2-8,4,4.1,4,2,21,81,47,1.04,-1.29,L,0
Adam Plutko,2019,Sep 6,Away,MIN,AL Central,W6-2,4,6,2,5,25,90,63,1.18,1.28,W,1
Adam Plutko,2019,Sep 11,Away,LAA,AL West,W4-3,4,4.1,2,3,21,76,49,1.05,0.47,W,1
Adam Plutko,2019,Sep 17,Home,DET,AL Central,W7-2,5,6,2,6,22,87,62,0.78,1.45,W,1
Adam Plutko,2019,Sep 22,Home,PHI,NL East,W10-1,4,4.1,1,3,19,78,43,1.04,0.62,W,1
Adam Plutko,2019,Sep 28,Away,WSN,NL East,L7-10,5,1.1,8,3,14,48,29,1.45,-5.54,L,0
Mike Clevinger,2019,Apr 1,Home,CHW,AL Central,W5-3,99,7,0,12,25,106,62,1.12,4.02,W,1
Mike Clevinger,2019,Apr 7,Home,TOR,AL East,W3-1,5,5,0,10,17,75,52,1.01,2.87,W,1
Mike Clevinger,2019,Jun 17,Away,TEX,AL West,L2-7,70,4.2,5,7,20,91,57,0.74,-0.43,L,0
Mike Clevinger,2019,Jun 28,Away,BAL,AL East,L0-13,10,1.2,7,2,13,52,29,0.66,-5.15,L,0
Mike Clevinger,2019,Jul 3,Away,KCR,AL Central,W4-0,4,6,0,9,21,79,53,1.08,3.38,W,1
Mike Clevinger,2019,Jul 12,Home,MIN,AL Central,L3-5,8,5,1,6,20,92,56,1.05,1.47,L,0
Mike Clevinger,2019,Jul 17,Home,DET,AL Central,W7-2,4,6,1,12,24,100,68,1.05,2.45,W,1
Mike Clevinger,2019,Jul 22,Away,TOR,AL East,W7-3,4,7,3,7,25,104,63,0.97,0.75,W,1
Mike Clevinger,2019,Jul 27,Away,KCR,AL Central,W9-1,4,7,1,7,27,111,73,0.41,2.95,W,1
Mike Clevinger,2019,Aug 2,Home,LAA,AL West,W7-3,5,6.1,1,8,25,107,65,0.54,1.77,W,1
Mike Clevinger,2019,Aug 8,Away,MIN,AL Central,W7-5,5,7,2,9,26,117,70,0.84,1.83,W,1
Mike Clevinger,2019,Aug 13,Home,BOS,AL East,L6-7,4,4.2,4,6,25,103,68,1.05,-1.6,L,0
Mike Clevinger,2019,Aug 18,Away,NYY,AL East,W8-4,4,5,0,10,20,104,63,0.69,2.71,W,1
Mike Clevinger,2019,Aug 24,Home,KCR,AL Central,W4-2,5,5.2,1,8,24,106,66,0.86,2.05,W,1
Mike Clevinger,2019,Aug 29,Away,DET,AL Central,W2-0,4,8,0,10,27,115,82,1.08,4.47,W,1
Mike Clevinger,2019,Sep 3,Home,CHW,AL Central,L5-6,4,7,2,9,27,109,71,1.15,2.02,L,0
Mike Clevinger,2019,Sep 8,Away,MIN,AL Central,W5-2,4,6.1,2,7,25,113,70,0.84,1.37,W,1
Mike Clevinger,2019,Sep 14(1),Home,MIN,AL Central,L0-2,5,8,2,10,31,112,69,0.74,2.6,L,0
Mike Clevinger,2019,Sep 19,Home,DET,AL Central,W7-0,4,6,0,6,25,103,69,0.89,3.45,W,1
Mike Clevinger,2019,Sep 24,Away,CHW,AL Central,W11-0,4,7,0,10,27,92,59,0.18,3.79,W,1
Mike Clevinger,2019,Sep 29,Away,WSN,NL East,L2-8,4,5.2,6,4,25,99,61,0.78,-2,L,0
Shane Bieber,2019,Apr 5,Home,TOR,AL East,W3-2,4,6,2,9,22,91,58,0.9,1.45,W,1
Shane Bieber,2019,Apr 11,Away,DET,AL Central,W4-0,5,7,0,6,26,105,68,0.98,3.91,W,1
Shane Bieber,2019,Apr 16,Away,SEA,AL West,W4-2,4,6,1,5,26,106,64,1.23,1.49,W,1
Shane Bieber,2019,Apr 21,Home,ATL,NL East,L5-11,4,2.1,5,3,16,65,41,0.72,-4.26,L,0
Shane Bieber,2019,Apr 27,Away,HOU,AL West,L3-4,5,6,3,9,25,106,63,1.07,0.42,L,0
Shane Bieber,2019,May 3,Home,SEA,AL West,W2-1,5,7.2,1,8,29,114,71,1.09,3.48,W,1
Shane Bieber,2019,May 8,Home,CHW,AL Central,W5-3,4,6.1,3,6,27,87,60,1.17,0.28,W,1
Shane Bieber,2019,May 13,Away,CHW,AL Central,L2-5,4,6.1,5,6,25,101,64,0.6,-0.92,L,0
Shane Bieber,2019,May 19,Home,BAL,AL East,W10-0,5,9,0,15,31,107,75,0.41,5.17,W,1
Shane Bieber,2019,May 24,Home,TBR,AL East,W3-1,4,5,1,10,23,111,67,1.19,1.87,W,1
Shane Bieber,2019,May 29,Away,BOS,AL East,W14-9,4,5,6,6,23,77,57,0.92,-3.07,W,1
Shane Bieber,2019,Jun 4,Home,MIN,AL Central,W5-2,5,7,2,7,27,104,63,0.89,1.62,W,1
Shane Bieber,2019,Jun 9,Home,NYY,AL East,L6-7,4,1.2,5,4,12,48,26,0.86,-4.5,L,0
Shane Bieber,2019,Jun 15,Away,DET,AL Central,W4-2,5,7.2,2,12,27,105,76,1.35,2.35,W,1
Shane Bieber,2019,Jun 20,Away,TEX,AL West,L2-4,4,6,2,8,23,102,71,0.68,1.68,L,0
Shane Bieber,2019,Jun 25,Home,KCR,AL Central,L6-8,4,5.1,2,6,24,100,63,1.31,0.86,L,0
Shane Bieber,2019,Jun 30,Away,BAL,AL East,W2-0,4,8,0,11,26,112,72,1.04,4.42,W,1
Shane Bieber,2019,Jul 6,Away,CIN,NL Central,W7-2,5,8,2,8,28,103,75,0.96,2.49,W,1
Shane Bieber,2019,Jul 14,Home,MIN,AL Central,W4-3,7,6.1,3,9,27,109,73,1.28,0.37,W,1
Shane Bieber,2019,Jul 19,Home,KCR,AL Central,W10-5,4,5.2,5,6,27,103,67,1,0.62,W,1
Shane Bieber,2019,Jul 24,Away,TOR,AL East,W4-0,4,9,0,10,29,102,68,1.21,4.82,W,1
Shane Bieber,2019,Jul 30,Home,HOU,AL West,L0-2,5,7,2,8,29,108,75,0.94,2.02,L,0
Shane Bieber,2019,Aug 4,Home,LAA,AL West,W6-2,4,9,2,8,31,107,76,0.73,3.17,W,1
Shane Bieber,2019,Aug 9,Away,MIN,AL Central,W6-2,4,7,2,11,30,108,74,0.75,1.43,W,1
Shane Bieber,2019,Aug 14,Home,BOS,AL East,L1-5,4,6,2,7,26,107,77,1.03,1.45,L,0
Shane Bieber,2019,Aug 20,Away,NYM,NL East,L2-9,5,6,2,7,24,83,58,0.87,-1.05,L,0
Shane Bieber,2019,Aug 25,Home,KCR,AL Central,L8-9,4,7,2,8,27,111,75,0.96,1.02,L,0
Shane Bieber,2019,Aug 30,Away,TBR,AL East,L0-4,4,6.1,3,9,24,109,75,1.19,1.77,L,0
Shane Bieber,2019,Sep 4,Home,CHW,AL Central,W8-6,4,7,2,9,28,114,74,1.05,2.02,W,1
Shane Bieber,2019,Sep 9,Away,LAA,AL West,W6-2,4,7,1,8,26,111,77,0.88,2.87,W,1
Shane Bieber,2019,Sep 15,Home,MIN,AL Central,W7-5,5,5.2,4,4,27,100,64,1.04,-1.03,W,1
Shane Bieber,2019,Sep 20,Home,PHI,NL East,W5-2,4,7.1,2,7,28,101,67,0.99,1.86,W,1
Shane Bieber,2019,Sep 25,Away,CHW,AL Central,L3-8,4,5.2,3,7,28,98,61,0.73,-2,L,0
Trevor Bauer,2019,Mar 30,Away,MIN,AL Central,W2-1,99,7,1,9,23,108,67,1.14,2.83,W,1
Trevor Bauer,2019,Apr 4,Home,TOR,AL East,W4-1,4,7,0,8,28,117,75,1.22,4.02,W,1
Trevor Bauer,2019,Apr 10,Away,DET,AL Central,L1-4,5,5.2,4,7,28,115,75,0.66,-0.9,L,0
Trevor Bauer,2019,Apr 15,Away,SEA,AL West,W6-4,4,6.2,1,8,27,112,68,1.18,2.19,W,1
Trevor Bauer,2019,Apr 20(2),Home,ATL,NL East,L7-8,4,6.1,2,10,23,120,76,0.4,2.44,L,0
Trevor Bauer,2019,Apr 25,Away,HOU,AL West,W2-1,4,8,1,3,30,118,65,1.39,3.55,W,1
Trevor Bauer,2019,Apr 30,Away,MIA,NL East,W7-4,4,7,4,10,30,105,64,1.13,-0.45,W,1
Trevor Bauer,2019,May 6,Home,CHW,AL Central,L1-9,5,5,7,7,25,88,57,0.58,-5.48,L,0
Trevor Bauer,2019,May 11,Away,OAK,AL West,L2-3,4,7,0,10,27,122,77,0.81,1.63,L,0
Trevor Bauer,2019,May 16,Home,BAL,AL East,W14-7,4,5,7,3,24,99,58,1.08,-4.13,W,1
Trevor Bauer,2019,May 21,Home,OAK,AL West,L3-5,4,6,4,5,29,123,73,1.06,-0.55,L,0
Trevor Bauer,2019,May 26,Home,TBR,AL East,L3-6,4,6,2,8,26,109,68,0.68,-0.55,L,0
Trevor Bauer,2019,May 31,Away,CHW,AL Central,L1-6,4,7,2,8,35,111,8100%,0.91,-2.21,L,0
Trevor Bauer,2019,Jun 6,Home,MIN,AL Central,L4-5,5,8,5,7,34,119,77,0.55,-0.4,L,0
Trevor Bauer,2019,Jun 11,Home,CIN,NL Central,W2-1,4,7.2,1,6,31,118,76,1.49,3.34,W,1
Trevor Bauer,2019,Jun 16,Away,DET,AL Central,W8-0,4,9,0,8,31,117,80,0.4,5.02,W,1
Trevor Bauer,2019,Jun 21,Home,DET,AL Central,W7-6,4,4,5,5,23,91,57,1.12,-4.21,W,1
Trevor Bauer,2019,Jun 26,Home,KCR,AL Central,W5-3,4,6.2,1,12,26,127,79,0.86,2.55,W,1
Trevor Bauer,2019,Jul 2,Away,KCR,AL Central,W9-5,5,6,5,6,28,107,69,0.68,-1.47,W,1
Trevor Bauer,2019,Jul 7,Away,CIN,NL Central,W11-1,4,7,1,9,29,114,71,1.28,2.93,W,1
Trevor Bauer,2019,Jul 13,Home,MIN,AL Central,L2-6,5,6,3,11,27,117,75,0.89,0.45,L,0
Trevor Bauer,2019,Jul 18,Home,DET,AL Central,W6-3,4,6.2,3,10,27,120,80,1.06,0.55,W,1
Trevor Bauer,2019,Jul 23,Away,TOR,AL East,L1-2,4,7.2,0,9,27,117,68,1.57,4.04,L,0
Trevor Bauer,2018,Apr 1,Away,SEA,AL West,L4-5,99,5,2,7,24,101,63,1.38,0.4,L,0
Trevor Bauer,2018,Apr 7,Home,KCR,AL Central,L0-1,5,8,1,7,29,100,67,0.99,3.22,L,0
Trevor Bauer,2018,Apr 12,Home,DET,AL Central,W9-3,4,7,2,7,32,105,74,0.51,1.69,W,1
Trevor Bauer,2018,Apr 20,Away,BAL,AL East,L1-3,7,7,3,6,29,116,71,0.87,0.51,L,0
Trevor Bauer,2018,Apr 25,Home,CHC,NL Central,W4-1,4,6.2,1,8,29,111,68,1.18,2.45,W,1
Trevor Bauer,2018,Apr 30,Home,TEX,AL West,W7-5,4,6.2,2,11,26,122,76,1.33,1.58,W,1
Trevor Bauer,2018,May 5,Away,NYY,AL East,L2-5,4,6,2,8,24,102,65,1.11,-0.93,L,0
Trevor Bauer,2018,May 11,Home,KCR,AL Central,L9-10,5,4.2,4,3,27,109,67,1.22,-2.88,L,0
Trevor Bauer,2018,May 16,Away,DET,AL Central,W6-0,4,8,0,10,26,108,70,0.5,4.22,W,1
Trevor Bauer,2018,May 22,Away,CHC,NL Central,W10-1,5,6,0,6,26,103,63,0.47,3.01,W,1
Trevor Bauer,2018,May 27,Home,HOU,AL West,W10-9,4,7.1,4,13,29,127,79,1.19,1.28,W,1
Trevor Bauer,2018,Jun 2,Away,MIN,AL Central,L1-7,5,5.2,3,11,27,104,65,0.81,-2.35,L,0
Trevor Bauer,2018,Jun 8,Away,DET,AL Central,W4-1,5,8,1,12,32,113,80,1.2,3.22,W,1
Trevor Bauer,2018,Jun 13,Away,CHW,AL Central,L2-3,4,7.2,3,12,29,118,80,0.75,0.91,L,0
Trevor Bauer,2018,Jun 18,Home,CHW,AL Central,W6-2,4,7,0,8,25,100,59,0.61,3.69,W,1
Trevor Bauer,2018,Jun 23,Home,DET,AL Central,W4-1,4,6.1,1,11,27,112,72,0.88,2.14,W,1
Trevor Bauer,2018,Jun 29,Away,OAK,AL West,L1-3,5,6.2,2,8,27,108,71,0.75,0.87,L,0
Trevor Bauer,2018,Jul 4,Away,KCR,AL Central,W3-2,4,7.2,1,8,30,108,68,1.38,1.86,W,1
Trevor Bauer,2018,Jul 10,Home,CIN,NL Central,L4-7,5,8,0,12,30,111,67,0.73,4.22,L,0
Trevor Bauer,2018,Jul 15,Home,NYY,AL East,W5-2,4,7,2,7,29,110,74,1.13,1.69,W,1
Trevor Bauer,2018,Jul 20,Away,TEX,AL West,W9-8,4,4,4,7,25,102,59,1.34,-2.77,W,1
Trevor Bauer,2018,Jul 25,Home,PIT,NL Central,W4-0,4,7,0,10,26,102,66,1.15,3.3,W,1
Trevor Bauer,2018,Jul 31,Away,MIN,AL Central,W6-2,5,6.1,2,3,27,102,60,1.17,0.92,W,1
Trevor Bauer,2018,Aug 6,Home,MIN,AL Central,W10-0,5,6,0,11,24,112,69,0.64,3.16,W,1
Trevor Bauer,2018,Aug 11,Away,CHW,AL Central,W3-1,4,6.1,1,8,21,102,65,0.78,2.24,W,1
Trevor Bauer,2018,Sep 21,Home,BOS,AL East,L5-7,40,1.1,0,1,6,34,17,0.89,0.11,L,0
Trevor Bauer,2018,Sep 25,Away,CHW,AL Central,L4-5,3,4,2,4,17,60,43,1.01,0,L,0
Carlos Carrasco,2018,Mar 31,Away,SEA,AL West,W6-5,99,5.2,5,4,23,77,52,0.91,-2.22,W,1
Carlos Carrasco,2018,Apr 6,Home,KCR,AL Central,W3-2,5,6,2,4,23,92,64,1.44,1.16,W,1
Carlos Carrasco,2018,Apr 11,Home,DET,AL Central,W5-1,4,9,1,6,31,110,76,0.61,3.74,W,1
Carlos Carrasco,2018,Apr 18,Away,MIN,AL Central,L1-2,6,7,0,7,25,98,70,1.11,3.62,L,0
Carlos Carrasco,2018,Apr 23,Away,BAL,AL East,W2-1,4,7.1,1,7,28,81,58,1.5,2.48,W,1
Carlos Carrasco,2018,Apr 28,Home,SEA,AL West,L4-12,4,3,4,4,16,64,36,0.69,-3.42,L,0
Carlos Carrasco,2018,May 3(1),Home,TOR,AL East,L11-13,4,5.1,6,7,28,113,71,0.94,-2.39,L,0
Carlos Carrasco,2018,May 9,Away,MIL,NL Central,W6-2,5,9,2,14,31,117,85,0.69,2.44,W,1
Carlos Carrasco,2018,May 14,Away,DET,AL Central,L3-6,4,6.2,3,4,28,112,73,0.99,0.45,L,0
Carlos Carrasco,2018,May 20,Away,HOU,AL West,L1-3,5,7.2,3,6,31,106,71,1.08,1.68,L,0
Carlos Carrasco,2018,May 26,Home,HOU,AL West,W8-6,5,5.2,5,8,27,108,70,0.81,-1.95,W,1
Carlos Carrasco,2018,Jun 1,Away,MIN,AL Central,L4-7,5,3.2,6,2,21,71,48,0.75,-4.55,L,0
Carlos Carrasco,2018,Jun 6,Home,MIL,NL Central,W3-1,4,7,1,10,28,109,71,1.19,2.69,W,1
Carlos Carrasco,2018,Jun 11,Away,CHW,AL Central,W4-0,4,7,0,11,25,108,74,0.81,3.51,W,1
Carlos Carrasco,2018,Jun 16,Home,MIN,AL Central,L3-9,4,1.1,4,2,10,39,25,1.19,-3.23,L,0
Carlos Carrasco,2018,Jul 6,Home,OAK,AL West,W10-4,19,5.1,3,7,22,96,65,1.09,-0.12,W,1
Carlos Carrasco,2018,Jul 11,Home,CIN,NL Central,W19-4,4,5,1,7,21,83,53,0.56,1.64,W,1
Carlos Carrasco,2018,Jul 21,Away,TEX,AL West,W16-3,5,6.2,2,8,24,96,62,0.55,1.82,W,1
Carlos Carrasco,2018,Jul 27,Away,DET,AL Central,W8-3,5,6.1,1,8,27,97,68,1.09,0.41,W,1
Carlos Carrasco,2018,Aug 1,Away,MIN,AL Central,W2-0,4,7.1,0,10,25,101,72,1.19,3.6,W,1
Carlos Carrasco,2018,Aug 7,Home,MIN,AL Central,L2-3,5,6.1,3,8,29,97,63,0.75,-0.01,L,0
Carlos Carrasco,2018,Aug 12,Away,CHW,AL Central,W9-7,4,7,0,9,25,90,64,0.55,2.51,W,1
Carlos Carrasco,2018,Aug 17,Home,BAL,AL East,W2-1,4,7,0,6,26,116,76,1.03,3.69,W,1
Carlos Carrasco,2018,Aug 22,Away,BOS,AL East,L4-10,4,3.2,5,6,20,81,58,1.22,-4.21,L,0
Carlos Carrasco,2018,Aug 28,Home,MIN,AL Central,W8-1,5,7.2,0,11,29,104,71,0.79,4.11,W,1
Carlos Carrasco,2018,Sep 2,Home,TBR,AL East,L4-6,4,6.1,5,9,29,107,70,0.73,-1.27,L,0
Carlos Carrasco,2018,Sep 7,Away,TOR,AL East,L2-3,4,8,1,14,31,113,82,1.53,2.01,L,0
Carlos Carrasco,2018,Sep 12,Away,TBR,AL East,L1-3,4,7,3,5,29,101,61,0.53,0.47,L,0
Carlos Carrasco,2018,Sep 19,Home,CHW,AL Central,W4-1,6,6.2,1,11,27,111,69,0.94,2.58,W,1
Carlos Carrasco,2018,Sep 30,Away,KCR,AL Central,W2-1,4,5,1,6,20,77,49,1.25,1.56,W,1
Shane Bieber,2018,May 31,Away,MIN,AL Central,W9-8,99,5.2,4,6,24,88,54,0.44,-1.14,W,1
Shane Bieber,2018,Jun 17,Home,MIN,AL Central,W4-1,16,5.2,1,7,27,89,61,1.18,1.54,W,1
Shane Bieber,2018,Jun 22,Home,DET,AL Central,W10-0,4,7,0,9,25,97,63,0.94,3.69,W,1
Shane Bieber,2018,Jun 27,Away,STL,NL Central,W5-1,4,6,1,5,27,99,69,1,1.81,W,1
Shane Bieber,2018,Jul 3,Away,KCR,AL Central,W6-4,5,6,4,2,26,95,65,0.8,-0.93,W,1
Shane Bieber,2018,Jul 8,Home,OAK,AL West,L0-6,4,6,4,7,27,98,71,0.72,-0.84,L,0
Shane Bieber,2018,Jul 13,Home,NYY,AL East,W6-5,4,7,3,6,27,99,64,0.91,0.06,W,1
Shane Bieber,2018,Jul 24,Home,PIT,NL Central,L4-9,10,1.2,7,2,12,54,36,0.92,-6.06,L,0
Shane Bieber,2018,Jul 30,Away,MIN,AL Central,L4-5,5,6.1,4,7,27,95,67,1.39,-0.92,L,0
Shane Bieber,2018,Aug 5,Home,LAA,AL West,W4-3,5,5.2,2,7,25,94,62,0.98,0.92,W,1
Shane Bieber,2018,Aug 10,Away,CHW,AL Central,L0-1,4,6.2,0,8,25,106,74,0.99,3.4,L,0
Shane Bieber,2018,Aug 15,Away,CIN,NL Central,W4-3,4,4.1,3,5,22,90,52,0.89,-1.44,W,1
Shane Bieber,2018,Aug 21,Away,BOS,AL East,W6-3,5,6.1,3,5,23,82,56,0.9,0.75,W,1
Shane Bieber,2018,Aug 26,Away,KCR,AL Central,W12-5,4,5.1,4,7,22,84,59,0.84,-1.2,W,1
Shane Bieber,2018,Sep 1,Home,TBR,AL East,L3-5,5,5.1,4,4,22,81,56,1.12,-0.54,L,0
Shane Bieber,2018,Sep 6,Away,TOR,AL East,W9-4,4,6.1,3,6,27,89,62,1.33,-1.02,W,1
Shane Bieber,2018,Sep 11,Away,TBR,AL East,W2-0,4,6.2,0,11,26,100,63,1.19,3.03,W,1
Shane Bieber,2018,Sep 16,Home,DET,AL Central,L4-6,4,6,5,4,27,93,69,1.13,-1.84,L,0
Shane Bieber,2018,Sep 26,Away,CHW,AL Central,W10-2,4,6,0,9,22,90,59,0.46,3.01,W,1
Mike Clevinger,2018,Apr 2,Away,LAA,AL West,W6-0,99,5.1,0,5,22,97,65,0.71,2.74,W,1
Mike Clevinger,2018,Apr 8,Home,KCR,AL Central,W3-1,5,7.1,1,4,29,110,73,1.12,2.94,W,1
Mike Clevinger,2018,Apr 13,Home,TOR,AL East,L4-8,4,4,4,5,17,82,48,0.78,-1.89,L,0
Mike Clevinger,2018,Apr 21,Away,BAL,AL East,W4-0,7,9,0,3,31,107,70,0.9,4.51,W,1
Mike Clevinger,2018,Apr 26,Home,SEA,AL West,L4-5,4,6,4,5,26,88,59,0.59,-1.23,L,0
Mike Clevinger,2018,May 1,Home,TEX,AL West,L6-8,4,6.2,3,7,28,105,71,0.81,1.45,L,0
Mike Clevinger,2018,May 6,Away,NYY,AL East,L4-7,4,7.1,2,10,26,116,72,1.01,3.17,L,0
Mike Clevinger,2018,May 12,Home,KCR,AL Central,W6-2,5,7.2,2,5,29,115,81,1.12,1.98,W,1
Mike Clevinger,2018,May 18,Away,HOU,AL West,L1-4,5,6.1,3,6,27,106,68,1.25,0.13,L,0
Mike Clevinger,2018,May 24,Home,HOU,AL West,L2-8,5,5.1,5,4,24,105,64,1.13,-1.05,L,0
Mike Clevinger,2018,May 29,Home,CHW,AL Central,W7-3,4,6.2,1,7,25,108,66,0.97,2.45,W,1
Mike Clevinger,2018,Jun 3,Away,MIN,AL Central,L5-7,4,6,4,3,28,106,66,0.8,-0.9,L,0
Mike Clevinger,2018,Jun 9,Away,DET,AL Central,L2-4,5,6.2,2,5,27,104,68,1.25,0.9,L,0
Mike Clevinger,2018,Jun 14,Away,CHW,AL Central,W5-2,4,7,1,11,27,100,71,1.07,1.51,W,1
Mike Clevinger,2018,Jun 19,Home,CHW,AL Central,W6-3,4,7.2,1,10,31,114,77,0.71,2.76,W,1
Mike Clevinger,2018,Jun 25,Away,STL,NL Central,L0-4,5,5,2,4,22,98,60,0.92,0.34,L,0
Mike Clevinger,2018,Jul 1,Away,OAK,AL West,W15-3,5,6,3,5,27,106,66,1.31,-0.37,W,1
Mike Clevinger,2018,Jul 9,Home,CIN,NL Central,L5-7,7,6,5,11,27,107,71,0.84,-1.23,L,0
Mike Clevinger,2018,Jul 14,Home,NYY,AL East,L4-5,4,6,4,8,26,97,68,0.8,-1.84,L,0
Mike Clevinger,2018,Jul 22,Away,TEX,AL West,L0-5,7,6.2,2,7,27,102,60,0.99,1.69,L,0
Mike Clevinger,2018,Jul 28,Away,DET,AL Central,L1-2,5,5,2,8,21,78,54,1,0.64,L,0
Mike Clevinger,2018,Aug 3,Home,LAA,AL West,L4-7,5,6,3,6,24,97,71,0.91,0.16,L,0
Mike Clevinger,2018,Aug 8,Home,MIN,AL Central,W5-2,4,7,1,5,26,95,63,1.22,2.69,W,1
Mike Clevinger,2018,Aug 13,Away,CIN,NL Central,W10-3,4,5,2,4,25,101,54,1.48,0.47,W,1
Mike Clevinger,2018,Aug 19,Home,BAL,AL East,W8-0,5,6,0,7,24,104,67,0.97,3.16,W,1
Mike Clevinger,2018,Aug 24,Away,KCR,AL Central,L4-5,4,6,3,8,24,105,64,0.77,0.07,L,0
Mike Clevinger,2018,Aug 30,Home,MIN,AL Central,W5-3,5,6.2,0,9,26,114,70,0.91,1.45,W,1
Mike Clevinger,2018,Sep 4,Home,KCR,AL Central,W9-3,4,6,1,10,22,96,65,0.6,2.16,W,1
Mike Clevinger,2018,Sep 9,Away,TOR,AL East,L2-6,4,6,3,9,24,108,69,0.68,0.01,L,0
Mike Clevinger,2018,Sep 15,Home,DET,AL Central,W15-0,5,6,0,5,21,91,55,0.21,3.16,W,1
Mike Clevinger,2018,Sep 22,Home,BOS,AL East,W5-4,6,5,2,6,24,103,56,1.12,0.64,W,1
Mike Clevinger,2018,Sep 28,Away,KCR,AL Central,W14-6,5,6.2,1,5,23,101,66,0.82,3.25,W,1
Corey Kluber,2018,Mar 29,Away,SEA,AL West,L1-2,99,8,2,8,29,91,66,0.57,1.84,L,0
Corey Kluber,2018,Apr 4,Away,LAA,AL West,L2-3,5,7,2,6,25,96,64,1.01,1.51,L,0
Corey Kluber,2018,Apr 9,Home,DET,AL Central,W2-0,4,8,0,13,27,103,72,0.9,4.22,W,1
Corey Kluber,2018,Apr 17,Away,MIN,AL Central,W6-1,7,6.2,1,6,28,104,69,1.1,2.29,W,1
Corey Kluber,2018,Apr 22,Away,BAL,AL East,W7-3,4,7,3,4,26,98,66,0.99,0.12,W,1
Corey Kluber,2018,Apr 27,Home,SEA,AL West,W6-5,4,8.2,3,10,32,116,79,0.51,2.5,W,1
Corey Kluber,2018,May 2,Home,TEX,AL West,W12-4,4,7,3,6,26,99,65,0.29,0.69,W,1
Corey Kluber,2018,May 8,Away,MIL,NL Central,L2-3,5,6,3,4,24,95,59,0.81,-0.04,L,0
Corey Kluber,2018,May 13,Home,KCR,AL Central,W11-2,4,7,0,4,29,97,69,0.38,1.69,W,1
Corey Kluber,2018,May 19,Away,HOU,AL West,W5-4,5,7,2,10,27,110,72,0.81,1.54,W,1
Corey Kluber,2018,May 25,Home,HOU,AL West,L2-11,5,6.1,0,7,26,103,71,1.21,2.08,L,0
Corey Kluber,2018,May 30,Home,CHW,AL Central,W9-1,4,6,0,10,20,90,61,0.5,3.16,W,1
Corey Kluber,2018,Jun 5,Home,MIL,NL Central,W3-2,5,7,1,7,27,112,74,0.99,2.69,W,1
Corey Kluber,2018,Jun 10,Away,DET,AL Central,W9-2,4,8,2,8,29,106,76,0.72,2.22,W,1
Corey Kluber,2018,Jun 15,Home,MIN,AL Central,L3-6,4,5,4,3,19,65,41,0.68,-1.37,L,0
Corey Kluber,2018,Jun 20,Home,CHW,AL Central,W12-0,4,7,0,7,22,96,65,0.5,3.69,W,1
Corey Kluber,2018,Jun 26,Away,STL,NL Central,L2-11,5,1.2,6,2,12,48,31,1.45,-5.16,L,0
Corey Kluber,2018,Jul 2,Away,KCR,AL Central,W9-3,5,6,3,5,25,99,63,0.56,0.07,W,1
Corey Kluber,2018,Jul 7,Home,OAK,AL West,L3-6,4,7,0,3,27,102,63,1.05,3.69,L,0
Corey Kluber,2018,Jul 12,Home,NYY,AL East,L4-7,4,7.1,6,9,32,114,72,1.24,-1.49,L,0
Corey Kluber,2018,Jul 23,Home,PIT,NL Central,L0-7,10,4,3,2,22,72,49,0.73,-4.89,L,0
Corey Kluber,2018,Jul 29,Away,DET,AL Central,W8-1,5,7.1,1,5,27,94,70,0.8,2.67,W,1
Corey Kluber,2018,Aug 4,Home,LAA,AL West,W3-0,5,9,0,7,32,98,64,0.92,4.74,W,1
Corey Kluber,2018,Aug 9,Home,MIN,AL Central,W5-4,4,7,4,7,27,117,77,1.01,-0.31,W,1
Corey Kluber,2018,Aug 14,Away,CIN,NL Central,W8-1,4,7,1,7,26,96,60,0.24,2.45,W,1
Corey Kluber,2018,Aug 20,Away,BOS,AL East,W5-4,5,6.1,3,6,28,108,65,0.79,0.44,W,1
Corey Kluber,2018,Aug 25,Away,KCR,AL Central,L1-7,4,5.1,5,6,25,88,57,0.93,-2.86,L,0
Corey Kluber,2018,Aug 31,Home,TBR,AL East,W3-0,5,7,0,8,24,109,70,1.12,3.69,W,1
Corey Kluber,2018,Sep 5,Home,KCR,AL Central,W3-1,4,6.2,1,10,23,105,68,1.03,2.45,W,1
Corey Kluber,2018,Sep 10,Away,TBR,AL East,L5-6,4,1.2,4,4,12,55,31,0.96,-3.78,L,0
Corey Kluber,2018,Sep 18,Home,CHW,AL Central,W5-3,7,8,3,11,34,107,75,1.07,1.22,W,1
Corey Kluber,2018,Sep 24,Away,CHW,AL Central,W4-0,5,7,0,11,26,108,75,1.09,3.51,W,1
Corey Kluber,2018,Sep 29,Away,KCR,AL Central,L4-9,4,5,3,6,24,80,59,1.34,-0.44,L,0
Mike Clevinger,2017,May 7,Away,KCR,AL Central,W1-0,99,5.2,0,5,21,91,50,1.21,3.09,W,1
Mike Clevinger,2017,May 13,Home,MIN,AL Central,L1-4,5,4.1,3,5,19,86,49,1.04,-0.77,L,0
Mike Clevinger,2017,May 20,Away,HOU,AL West,W3-0,3,7,0,8,24,106,66,1.02,3.09,W,1
Mike Clevinger,2017,May 26,Home,KCR,AL Central,L4-6,5,5,4,6,24,83,57,0.96,-1.6,L,0
Mike Clevinger,2017,May 31,Home,OAK,AL West,L1-3,4,6.2,3,7,26,108,68,0.83,0.81,L,0
Mike Clevinger,2017,Jun 6,Away,COL,NL West,L3-11,5,4,5,6,18,76,45,0.81,-2.58,L,0
Mike Clevinger,2017,Jun 17(2),Away,MIN,AL Central,W6-2,10,4,1,4,15,71,44,1.01,1.11,W,1
Mike Clevinger,2017,Jun 22,Away,BAL,AL East,W6-3,4,5,2,4,24,100,56,1.47,0.56,W,1
Mike Clevinger,2017,Jun 27,Home,TEX,AL West,L1-2,4,6,1,9,21,102,61,1.08,2.36,L,0
Mike Clevinger,2017,Jul 2,Away,DET,AL Central,W11-8,4,6,1,7,25,99,60,0.82,2.2,W,1
Mike Clevinger,2017,Jul 8,Home,DET,AL Central,W4-0,5,6,0,4,22,96,54,1.01,3.36,W,1
Mike Clevinger,2017,Jul 18,Away,SFG,NL West,L1-2,9,6,0,7,23,100,61,1.15,2.04,L,0
Mike Clevinger,2017,Jul 25,Home,LAA,AL West,W11-7,6,4.1,5,5,24,97,54,0.79,-3.5,W,1
Mike Clevinger,2017,Jul 31,Away,BOS,AL East,L2-6,5,3,5,2,19,64,35,0.89,-3.84,L,0
Mike Clevinger,2017,Aug 12,Away,TBR,AL East,W3-0,5,7,0,9,24,98,64,1.02,3.55,W,1
Mike Clevinger,2017,Aug 21,Home,BOS,AL East,W5-4,3,4.1,4,4,22,81,48,1.1,-1.5,W,1
Mike Clevinger,2017,Aug 26,Home,KCR,AL Central,W4-0,4,6,0,9,24,106,67,1.17,3.36,W,1
Mike Clevinger,2017,Sep 1(2),Away,DET,AL Central,W10-0,5,6,0,6,22,95,56,0.6,3.2,W,1
Mike Clevinger,2017,Sep 8,Home,BAL,AL East,W5-0,6,6,0,7,23,98,58,0.76,3.36,W,1
Mike Clevinger,2017,Sep 13,Home,DET,AL Central,W5-3,4,5.2,1,6,25,98,64,1.06,0.11,W,1
Mike Clevinger,2017,Sep 19,Away,LAA,AL West,W6-3,5,6,1,6,20,92,59,1.39,2.07,W,1
Carlos Carrasco,2017,Apr 4,Away,TEX,AL West,W4-3,99,5.2,2,7,22,78,53,1,1.37,W,1
Carlos Carrasco,2017,Apr 11,Home,CHW,AL Central,W2-1,6,7,1,7,24,95,61,1.06,2.92,W,1
Carlos Carrasco,2017,Apr 16,Home,DET,AL Central,L1-4,4,6.2,2,5,27,102,59,0.83,1.67,L,0
Carlos Carrasco,2017,Apr 22,Away,CHW,AL Central,W7-0,5,8,0,8,27,106,73,0.62,4.1,W,1
Carlos Carrasco,2017,Apr 28,Home,SEA,AL West,L1-3,5,8,3,7,28,106,75,0.76,1.48,L,0
Carlos Carrasco,2017,May 3,Away,DET,AL Central,W3-2,4,6,2,5,23,91,60,1.16,1.2,W,1
Carlos Carrasco,2017,May 9,Away,TOR,AL East,W6-0,5,7,0,7,23,97,64,0.97,3.74,W,1
Carlos Carrasco,2017,May 15,Home,TBR,AL East,W8-7,5,3.2,5,6,20,75,41,1,-2.23,W,1
Carlos Carrasco,2017,May 23,Away,CIN,NL Central,W8-7,7,6.1,4,6,29,104,62,0.97,0.11,W,1
Carlos Carrasco,2017,May 29,Home,OAK,AL West,W5-3,5,7,2,7,26,101,69,0.66,1.92,W,1
Carlos Carrasco,2017,Jun 3,Away,KCR,AL Central,L5-12,4,4.1,5,3,20,77,47,1.19,-2.04,L,0
Carlos Carrasco,2017,Jun 11,Home,CHW,AL Central,W4-2,7,5.1,2,4,23,85,56,1.07,0.63,W,1
Carlos Carrasco,2017,Jun 16,Away,MIN,AL Central,W8-1,4,6.1,1,7,25,113,64,0.61,2.15,W,1
Carlos Carrasco,2017,Jun 21,Away,BAL,AL East,W5-1,4,6,0,10,24,95,64,1.02,1.23,W,1
Carlos Carrasco,2017,Jun 26,Home,TEX,AL West,W15-9,4,3.1,8,7,18,78,46,0.56,-6.06,W,1
Carlos Carrasco,2017,Jul 1(2),Away,DET,AL Central,W4-1,4,7,1,7,28,114,75,0.91,2.74,W,1
Carlos Carrasco,2017,Jul 7,Home,DET,AL Central,W11-2,5,7,2,11,27,97,71,0.85,1.92,W,1
Carlos Carrasco,2017,Jul 14,Away,OAK,AL West,L0-5,6,6.1,5,10,27,96,62,0.57,-1.44,L,0
Carlos Carrasco,2017,Jul 19,Away,SFG,NL West,L4-5,4,6,2,6,25,106,63,1.36,1.04,L,0
Carlos Carrasco,2017,Jul 26,Home,LAA,AL West,W10-4,6,6.1,2,5,26,99,64,1.2,1.19,W,1
Carlos Carrasco,2017,Aug 1,Away,BOS,AL East,L10-12,5,1.2,5,1,13,56,33,1.08,-4.36,L,0
Carlos Carrasco,2017,Aug 6,Home,NYY,AL East,L1-8,4,5.2,5,6,25,97,62,1.5,-1.03,L,0
Carlos Carrasco,2017,Aug 11,Away,TBR,AL East,W5-0,4,8,0,10,28,106,73,0.5,4.05,W,1
Carlos Carrasco,2017,Aug 17(1),Away,MIN,AL Central,W9-3,5,5,1,9,20,94,62,1.44,1.64,W,1
Carlos Carrasco,2017,Aug 22,Home,BOS,AL East,L1-9,4,6.2,6,6,30,103,72,0.76,-2.43,L,0
Carlos Carrasco,2017,Aug 27,Home,KCR,AL Central,W12-0,4,7,0,8,26,83,62,0.25,3.92,W,1
Carlos Carrasco,2017,Sep 1(1),Away,DET,AL Central,W3-2,4,7,1,8,27,103,68,1.24,2.74,W,1
Carlos Carrasco,2017,Sep 6,Away,CHW,AL Central,W5-1,4,9,1,9,28,97,76,0.84,3.61,W,1
Carlos Carrasco,2017,Sep 11,Home,DET,AL Central,W11-0,4,6,0,9,26,92,64,0.68,3.36,W,1
Carlos Carrasco,2017,Sep 16,Home,KCR,AL Central,W8-4,4,6.2,4,5,28,101,70,0.92,-0.33,W,1
Carlos Carrasco,2017,Sep 23,Away,SEA,AL West,W11-4,6,5.2,1,6,24,99,62,1.01,1.68,W,1
Carlos Carrasco,2017,Sep 28,Home,MIN,AL Central,W5-2,4,8.1,0,14,31,112,79,1.07,4.74,W,1
Trevor Bauer,2017,Apr 8,Away,ARI,NL West,L2-11,99,5.2,4,7,23,102,61,1.06,-0.04,L,0
Trevor Bauer,2017,Apr 14,Home,DET,AL Central,L6-7,5,5,6,6,25,111,70,0.88,-3.2,L,0
Trevor Bauer,2017,Apr 20,Away,MIN,AL Central,W6-2,5,6.1,2,7,25,110,65,1.08,1.42,W,1
Trevor Bauer,2017,Apr 26,Home,HOU,AL West,W7-6,5,6,4,8,25,108,64,0.91,-0.64,W,1
Trevor Bauer,2017,May 1,Away,DET,AL Central,L1-7,4,4,7,3,23,93,50,0.6,-4.36,L,0
Trevor Bauer,2017,May 8,Away,TOR,AL East,L2-4,6,6,4,6,25,125,77,0.55,-0.8,L,0
Trevor Bauer,2017,May 14,Home,MIN,AL Central,W8-3,5,6,3,7,24,106,70,0.39,0.36,W,1
Trevor Bauer,2017,May 19,Away,HOU,AL West,W5-3,4,5.2,3,9,23,102,64,0.88,-0.12,W,1
Trevor Bauer,2017,May 24,Home,CIN,NL Central,L3-4,4,5.1,2,6,23,94,57,1.23,1.06,L,0
Trevor Bauer,2017,May 30,Home,OAK,AL West,W9-4,5,7,3,14,28,113,77,0.86,0.92,W,1
Trevor Bauer,2017,Jun 4,Away,KCR,AL Central,W8-0,4,1.2,0,0,7,28,16,0.95,0.61,W,1
Trevor Bauer,2017,Jun 7,Away,COL,NL West,L1-8,2,3.1,4,3,19,86,49,1.35,-3.1,L,0
Trevor Bauer,2017,Jun 13,Home,LAD,NL West,L5-7,5,5.2,2,5,26,108,63,1.08,0.55,L,0
Trevor Bauer,2017,Jun 18,Away,MIN,AL Central,W5-2,4,7,2,8,26,105,72,0.94,1.31,W,1
Trevor Bauer,2017,Jun 23,Home,MIN,AL Central,L0-5,4,6.2,4,4,28,111,73,0.5,-1.33,L,0
Trevor Bauer,2017,Jun 28,Home,TEX,AL West,W5-3,4,6.1,1,3,24,103,61,0.99,2.62,W,1
Trevor Bauer,2017,Jul 5,Home,SDP,NL West,L2-6,6,5,3,7,26,107,62,1.34,-2.22,L,0
Trevor Bauer,2017,Jul 16,Away,OAK,AL West,L3-7,10,0.2,4,2,8,43,24,1.81,-4,L,0
Trevor Bauer,2017,Jul 21,Home,TOR,AL East,W13-3,4,5,3,6,24,112,63,1.06,-0.2,W,1
Trevor Bauer,2017,Jul 27,Home,LAA,AL West,W2-1,5,8,1,6,30,116,77,1.45,3.48,W,1
Trevor Bauer,2017,Aug 4,Home,NYY,AL East,W7-2,7,7,1,7,29,114,67,0.81,2.92,W,1
Trevor Bauer,2017,Aug 9,Home,COL,NL West,L2-3,4,7,1,9,28,105,72,1.22,2.53,L,0
Trevor Bauer,2017,Aug 14,Away,BOS,AL East,W7-3,4,6.2,3,11,28,116,70,0.9,0.63,W,1
Trevor Bauer,2017,Aug 19,Away,KCR,AL Central,W5-0,1,6.1,0,4,27,105,64,0.86,3.18,W,1
Trevor Bauer,2017,Aug 24,Home,BOS,AL East,W13-6,4,5.1,4,8,24,104,59,0.88,-1.21,W,1
Trevor Bauer,2017,Aug 30(1),Away,NYY,AL East,W2-1,5,6,1,4,26,109,64,1.36,2.3,W,1
Trevor Bauer,2017,Sep 4,Away,CHW,AL Central,W5-3,4,6.1,2,9,24,97,59,1.04,1.32,W,1
Trevor Bauer,2017,Sep 10,Home,BAL,AL East,W3-2,5,6.1,2,7,24,110,67,1.16,1.62,W,1
Trevor Bauer,2017,Sep 15,Home,KCR,AL Central,L3-4,4,5.1,4,6,26,98,66,1.15,-0.21,L,0
Trevor Bauer,2017,Sep 22,Away,SEA,AL West,L1-3,6,7,1,6,26,116,70,1.25,2.51,L,0
Trevor Bauer,2017,Sep 29,Home,CHW,AL Central,W10-1,6,6,1,7,22,80,49,0.27,2.36,W,1
Corey Kluber,2017,Apr 3,Away,TEX,AL West,W8-5,99,6,5,6,26,109,67,0.69,-1.51,W,1
Corey Kluber,2017,Apr 9,Away,ARI,NL West,L2-3,5,6,2,4,25,90,61,0.76,0.35,L,0
Corey Kluber,2017,Apr 15,Home,DET,AL Central,W13-6,5,6.1,6,8,29,107,71,0.59,-1.05,W,1
Corey Kluber,2017,Apr 21,Away,CHW,AL Central,W3-0,5,9,0,9,29,110,73,0.93,4.61,W,1
Corey Kluber,2017,Apr 27,Home,HOU,AL West,W4-3,5,7,3,10,32,105,72,1.16,0.92,W,1
Corey Kluber,2017,May 2,Away,DET,AL Central,L2-5,4,3,5,4,17,55,38,0.87,-3.4,L,0
Corey Kluber,2017,Jun 1,Home,OAK,AL West,W8-0,29,6,0,10,20,77,51,1.02,3.36,W,1
Corey Kluber,2017,Jun 9,Home,CHW,AL Central,W7-3,7,6,3,8,26,98,68,1.2,0.36,W,1
Corey Kluber,2017,Jun 14,Home,LAD,NL West,L4-6,4,7,2,10,26,106,71,0.86,1.92,L,0
Corey Kluber,2017,Jun 19,Away,BAL,AL East,W12-0,4,9,0,11,30,108,80,0.29,4.61,W,1
Corey Kluber,2017,Jun 24,Home,MIN,AL Central,L2-4,4,7,0,13,27,106,73,0.89,1.92,L,0
Corey Kluber,2017,Jun 29,Home,TEX,AL West,W5-1,4,8,1,12,27,111,78,0.8,3.48,W,1
Corey Kluber,2017,Jul 4,Home,SDP,NL West,L0-1,4,8,1,10,29,107,73,1.12,3.48,L,0
Corey Kluber,2017,Jul 9,Home,DET,AL Central,L3-5,4,5,1,8,21,101,61,1.14,1.8,L,0
Corey Kluber,2017,Jul 15,Away,OAK,AL West,L3-5,5,7.1,3,12,27,106,72,1.06,0.74,L,0
Corey Kluber,2017,Jul 23,Home,TOR,AL East,W8-1,7,7.2,1,14,29,120,81,0.62,3.23,W,1
Corey Kluber,2017,Jul 29,Away,CHW,AL Central,W5-4,5,6.1,4,12,30,98,72,1.31,-1.61,W,1
Corey Kluber,2017,Aug 3,Home,NYY,AL East,W5-1,4,9,1,11,30,106,72,0.76,4.04,W,1
Corey Kluber,2017,Aug 8,Home,COL,NL West,W4-1,4,9,1,11,29,116,78,0.83,4.04,W,1
Corey Kluber,2017,Aug 13,Away,TBR,AL East,W4-3,4,7,3,9,27,100,66,1.11,0.55,W,1
Corey Kluber,2017,Aug 18,Away,KCR,AL Central,W10-1,4,5.1,1,4,22,74,47,0.74,1.26,W,1
Corey Kluber,2017,Aug 23,Home,BOS,AL East,L1-6,4,7.2,2,12,29,114,75,0.94,2.01,L,0
Corey Kluber,2017,Aug 28,Away,NYY,AL East,W6-2,4,8,2,7,29,110,72,1.02,2.39,W,1
Corey Kluber,2017,Sep 2,Away,DET,AL Central,W5-2,4,8,1,7,31,114,84,0.73,3.27,W,1
Corey Kluber,2017,Sep 7,Away,CHW,AL Central,W11-2,4,7,2,13,25,96,67,0.43,1.59,W,1
Corey Kluber,2017,Sep 12,Home,DET,AL Central,W2-0,4,9,0,8,30,113,77,1.12,5.04,W,1
Corey Kluber,2017,Sep 17,Home,KCR,AL Central,W3-2,4,7,0,9,26,99,76,1.27,3.92,W,1
Corey Kluber,2017,Sep 24,Away,SEA,AL West,W4-2,6,7,0,10,29,108,72,1.23,1.51,W,1
Corey Kluber,2017,Sep 30,Home,CHW,AL Central,L1-2,5,5,1,3,20,81,57,0.93,1.8,L,0
Josh Tomlin,2017,Apr 7,Away,ARI,NL West,L3-7,99,4.2,6,6,22,81,56,1.31,-2.46,L,0
Josh Tomlin,2017,Apr 13,Home,CHW,AL Central,L4-10,5,1.2,7,0,14,42,27,0.75,-6.23,L,0
Josh Tomlin,2017,Apr 18,Away,MIN,AL Central,W11-4,4,6,3,2,25,85,55,0.86,0.17,W,1
Josh Tomlin,2017,Apr 25,Home,HOU,AL West,L2-4,6,6,3,6,26,100,68,1.15,0.36,L,0
Josh Tomlin,2017,Apr 30,Home,SEA,AL West,W12-4,4,5,4,3,22,86,54,0.51,-1.22,W,1
Josh Tomlin,2017,May 6,Away,KCR,AL Central,W3-1,5,7,1,3,23,76,56,0.78,2.74,W,1
Josh Tomlin,2017,May 12,Home,MIN,AL Central,L0-1,5,8,1,7,29,105,69,0.87,3.48,L,0
Josh Tomlin,2017,May 17,Home,TBR,AL East,L4-7,4,2.1,6,5,14,51,36,0.85,-4.05,L,0
Josh Tomlin,2017,May 22,Away,CIN,NL Central,L1-5,4,6.1,4,4,27,76,57,0.8,-0.77,L,0
Josh Tomlin,2017,May 28,Home,KCR,AL Central,W10-1,5,9,1,3,32,111,79,0.56,4.04,W,1
Josh Tomlin,2017,Jun 2,Away,KCR,AL Central,L0-4,4,7.1,3,5,29,93,66,0.92,0.99,L,0
Josh Tomlin,2017,Jun 10,Home,CHW,AL Central,L3-5,7,2.2,3,0,16,54,37,0.94,-2.96,L,0
Josh Tomlin,2017,Jun 15,Home,LAD,NL West,W12-5,4,5,4,7,24,99,60,0.76,-1.83,W,1
Josh Tomlin,2017,Jun 20,Away,BAL,AL East,L5-6,4,4.2,5,5,22,85,60,0.92,-2.67,L,0
Josh Tomlin,2017,Jun 25,Home,MIN,AL Central,L0-4,4,5.2,4,5,28,96,57,0.85,-1.11,L,0
Josh Tomlin,2017,Jul 1(1),Away,DET,AL Central,L4-7,5,4.2,4,3,23,82,48,1.06,-1.67,L,0
Josh Tomlin,2017,Jul 6,Home,SDP,NL West,W11-2,4,7,2,6,25,96,74,0.6,1.53,W,1
Josh Tomlin,2017,Jul 17,Away,SFG,NL West,W5-3,10,7.1,3,5,26,79,52,1.1,0.79,W,1
Josh Tomlin,2017,Jul 24,Home,CIN,NL Central,W6-2,6,6,2,6,22,72,49,0.87,1.36,W,1
Josh Tomlin,2017,Jul 30,Away,CHW,AL Central,L1-3,5,4,0,5,13,56,35,0.84,2.05,L,0
Josh Tomlin,2017,Sep 3,Away,DET,AL Central,W11-1,34,5.2,1,2,21,74,52,0.79,1.96,W,1
Josh Tomlin,2017,Sep 9,Home,BAL,AL East,W4-2,5,5,2,3,19,78,54,0.88,0.8,W,1
Josh Tomlin,2017,Sep 14,Home,KCR,AL Central,W3-2,4,5.2,2,4,22,79,55,1.24,1.02,W,1
Josh Tomlin,2017,Sep 20,Away,LAA,AL West,W6-5,5,5.1,2,5,22,83,57,1.22,0.8,W,1
Josh Tomlin,2017,Sep 26,Home,MIN,AL Central,L6-8,5,3.2,4,3,19,76,52,1.07,-2.3,L,0
Josh Tomlin,2017,Oct 1,Home,CHW,AL Central,W3-1,4,5.1,1,6,20,73,52,0.92,1.79,W,1
Danny Salazar,2016,Apr 8,Away,CHW,AL Central,W7-1,99,5.1,1,7,21,94,52,0.51,1.41,W,1
Danny Salazar,2016,Apr 14,Away,TBR,AL East,W6-0,5,6,0,9,23,103,66,1.04,2.89,W,1
Danny Salazar,2016,Apr 20,Home,SEA,AL West,L1-2,5,7,2,7,28,114,70,1.01,1.88,L,0
Danny Salazar,2016,Apr 25,Away,MIN,AL Central,L3-4,4,4.2,3,3,21,101,53,1.07,0.1,L,0
Danny Salazar,2016,May 1,Away,PHI,NL East,L1-2,5,7,2,8,24,102,67,0.75,1.44,L,0
Danny Salazar,2016,May 6,Home,KCR,AL Central,W7-1,4,7.2,0,9,27,106,74,0.45,4.31,W,1
Danny Salazar,2016,May 11,Away,HOU,AL West,L3-5,4,5,1,10,25,106,54,1.45,1.39,L,0
Danny Salazar,2016,May 17,Home,CIN,NL Central,W13-1,5,7.1,1,8,28,95,67,0.44,2.71,W,1
Danny Salazar,2016,May 22,Away,BOS,AL East,L2-5,4,4.1,4,6,24,109,69,1.02,-1.87,L,0
Danny Salazar,2016,May 28,Home,BAL,AL East,W11-4,5,6,2,5,26,107,69,0.5,1.32,W,1
Danny Salazar,2016,Jun 3,Home,KCR,AL Central,W6-1,5,8,1,9,30,113,70,0.84,3.43,W,1
Danny Salazar,2016,Jun 12,Away,LAA,AL West,W8-3,8,5.2,1,8,22,102,62,0.72,1.79,W,1
Danny Salazar,2016,Jun 18,Home,CHW,AL Central,W13-2,5,6.2,2,7,26,108,70,0.23,1.76,W,1
Danny Salazar,2016,Jun 24,Away,DET,AL Central,W7-5,5,5.2,3,3,25,100,57,0.81,-0.19,W,1
Danny Salazar,2016,Jun 29,Away,ATL,NL East,W3-0,4,7,0,8,25,98,70,1.07,3.4,W,1
Danny Salazar,2016,Jul 4,Home,DET,AL Central,W5-3,4,5.2,3,6,25,99,64,1.12,-0.14,W,1
Danny Salazar,2016,Jul 9,Home,NYY,AL East,L6-7,4,5.2,6,5,27,112,76,1.18,-0.49,L,0
Danny Salazar,2016,Jul 19,Away,KCR,AL Central,W7-3,9,6.2,2,7,29,104,68,0.83,0.26,W,1
Danny Salazar,2016,Jul 26,Home,WSN,NL East,W7-6,6,4,4,5,19,85,54,0.89,-2.18,W,1
Danny Salazar,2016,Aug 1,Home,MIN,AL Central,L5-12,5,2,6,3,13,55,31,0.86,-4.29,L,0
Danny Salazar,2016,Aug 18,Home,CHW,AL Central,W5-4,16,1,3,1,7,34,16,1.42,-2.45,W,1
Danny Salazar,2016,Aug 23,Away,OAK,AL West,L1-9,4,4,6,2,22,80,49,0.52,-3.67,L,0
Danny Salazar,2016,Aug 28,Away,TEX,AL West,L1-2,4,5.1,2,10,24,98,63,0.88,0.7,L,0
Danny Salazar,2016,Sep 4,Home,MIA,NL East,W6-5,6,5.2,1,11,24,102,67,1.01,2.07,W,1
Danny Salazar,2016,Sep 9,Away,MIN,AL Central,W5-4,4,4,3,4,19,76,48,0.76,-1.97,W,1
Carlos Carrasco,2016,Apr 6,Home,BOS,AL East,W7-6,99,5,4,5,23,96,63,0.84,-1.23,W,1
Carlos Carrasco,2016,Apr 13,Away,TBR,AL East,W4-1,6,8,1,8,28,93,59,0.8,2.86,W,1
Carlos Carrasco,2016,Apr 19,Home,SEA,AL West,W3-2,5,6.1,1,5,26,103,66,1.09,2.15,W,1
Carlos Carrasco,2016,Apr 24,Away,DET,AL Central,W6-3,4,2.2,0,2,8,21,17,0.91,1.42,W,1
Carlos Carrasco,2016,Jun 2,Home,KCR,AL Central,W5-4,38,5,3,2,23,78,50,1.11,-0.23,W,1
Carlos Carrasco,2016,Jun 8,Away,SEA,AL West,L0-5,5,6.2,4,6,26,99,63,0.64,0.19,L,0
Carlos Carrasco,2016,Jun 13,Away,KCR,AL Central,L1-2,4,6,2,8,27,103,71,0.85,1.11,L,0
Carlos Carrasco,2016,Jun 19,Home,CHW,AL Central,W3-2,5,7.1,2,6,29,100,62,1.16,1.71,W,1
Carlos Carrasco,2016,Jun 25,Away,DET,AL Central,W6-0,5,9,0,7,32,117,82,0.56,4.57,W,1
Carlos Carrasco,2016,Jun 30,Away,TOR,AL East,W4-1,4,7.1,1,14,26,113,77,1.01,2.45,W,1
Carlos Carrasco,2016,Jul 5,Home,DET,AL Central,W12-1,4,6,1,5,23,82,52,0.8,2.32,W,1
Carlos Carrasco,2016,Jul 10,Home,NYY,AL East,L7-11,4,3.2,1,4,20,81,54,0.98,-3.25,L,0
Carlos Carrasco,2016,Jul 15,Away,MIN,AL Central,W5-2,4,6.2,2,3,25,101,64,0.95,1.23,W,1
Carlos Carrasco,2016,Jul 20,Away,KCR,AL Central,W11-4,4,6,0,6,21,84,53,0.46,3.11,W,1
Carlos Carrasco,2016,Jul 27,Home,WSN,NL East,L1-4,6,6,3,5,24,105,69,1,0.32,L,0
Carlos Carrasco,2016,Aug 2,Home,MIN,AL Central,L6-10,5,3.2,8,1,22,92,60,0.63,-6.13,L,0
Carlos Carrasco,2016,Aug 7,Away,NYY,AL East,L2-3,4,7,3,9,28,96,63,0.63,0.67,L,0
Carlos Carrasco,2016,Aug 12,Home,LAA,AL West,W13-3,4,7,3,8,29,98,65,0.74,0.88,W,1
Carlos Carrasco,2016,Aug 17,Home,CHW,AL Central,L7-10,4,6.2,4,11,27,98,69,0.98,-1.37,L,0
Carlos Carrasco,2016,Aug 22,Away,OAK,AL West,W1-0,4,8,0,9,28,99,69,1.06,3.9,W,1
Carlos Carrasco,2016,Aug 27,Away,TEX,AL West,L0-7,4,4,3,8,23,93,59,0.65,-4.83,L,0
Carlos Carrasco,2016,Sep 2,Home,MIA,NL East,W6-2,5,7.1,0,11,29,108,76,0.53,4.14,W,1
Carlos Carrasco,2016,Sep 7,Home,HOU,AL West,W6-5,4,7.1,4,5,31,100,66,0.98,0.71,W,1
Carlos Carrasco,2016,Sep 12,Away,CHW,AL Central,L4-11,4,3.2,4,2,20,84,57,1.21,-3.37,L,0
Carlos Carrasco,2016,Sep 17,Home,DET,AL Central,W1-0,4,0,0,0,1,2,1,0.87,-0.4,W,1
Trevor Bauer,2016,Apr 30,Away,PHI,NL East,L3-4,5,4,3,4,19,78,49,0.71,-2.38,L,0
Trevor Bauer,2016,May 5,Home,DET,AL Central,W9-4,4,5.2,3,4,23,106,63,0.9,-0.02,W,1
Trevor Bauer,2016,May 10,Away,HOU,AL West,W4-0,4,7,0,7,26,104,60,1.08,3.34,W,1
Trevor Bauer,2016,May 15,Home,MIN,AL Central,L1-5,4,6.2,3,8,26,113,70,0.7,0.63,L,0
Trevor Bauer,2016,May 21,Away,BOS,AL East,L1-9,5,5,4,0,26,98,58,0.87,-2.32,L,0
Trevor Bauer,2016,May 27,Home,BAL,AL East,L4-6,5,6,3,4,28,103,65,1.03,0.32,L,0
Trevor Bauer,2016,Jun 1,Home,TEX,AL West,W5-4,4,7,3,6,28,105,64,1.29,0.88,W,1
Trevor Bauer,2016,Jun 6,Away,SEA,AL West,W3-1,4,7.2,1,10,29,109,73,1.08,2.68,W,1
Trevor Bauer,2016,Jun 11,Away,LAA,AL West,L3-4,4,8,2,3,33,106,70,0.92,0.86,L,0
Trevor Bauer,2016,Jun 17,Home,CHW,AL Central,W3-2,5,7,1,9,27,115,71,1.07,2.88,W,1
Trevor Bauer,2016,Jun 22,Home,TBR,AL East,W6-1,4,9,1,10,30,113,75,0.59,3.98,W,1
Trevor Bauer,2016,Jun 27,Away,ATL,NL East,W8-3,4,6,2,5,25,100,59,1.11,0.91,W,1
Trevor Bauer,2016,Jul 7,Home,NYY,AL East,L4-5,5,5.2,5,4,27,89,59,1.33,-1.02,L,0
Trevor Bauer,2016,Jul 16,Away,MIN,AL Central,L4-5,8,6,3,6,29,116,72,1.46,0.05,L,0
Trevor Bauer,2016,Jul 22,Away,BAL,AL East,L1-5,5,4,5,5,21,82,48,0.59,-3.32,L,0
Trevor Bauer,2016,Jul 29,Home,OAK,AL West,W5-3,6,5.1,2,4,25,104,59,0.85,-0.64,W,1
Trevor Bauer,2016,Aug 3,Home,MIN,AL Central,L5-13,4,2.2,7,1,21,80,45,1.23,-6.59,L,0
Trevor Bauer,2016,Aug 9,Away,WSN,NL East,W3-1,5,6.1,0,4,26,92,57,1.18,2.88,W,1
Trevor Bauer,2016,Aug 14,Home,LAA,AL West,W5-4,4,6,4,4,24,94,61,0.72,-0.68,W,1
Trevor Bauer,2016,Aug 19,Home,TOR,AL East,W3-2,4,8,2,13,30,110,73,0.71,2.43,W,1
Trevor Bauer,2016,Aug 24,Away,OAK,AL West,L1-5,4,6.2,3,3,31,111,70,0.47,-1.81,L,0
Trevor Bauer,2016,Aug 29,Home,MIN,AL Central,W1-0,4,6,0,4,23,97,61,1.1,3.32,W,1
Trevor Bauer,2016,Sep 3,Home,MIA,NL East,W8-3,4,8.1,3,4,30,103,68,0.76,1.41,W,1
Trevor Bauer,2016,Sep 8,Home,HOU,AL West,W10-7,4,5,5,2,23,79,43,0.8,-2.23,W,1
Trevor Bauer,2016,Sep 13,Away,CHW,AL Central,L1-8,4,5.1,6,7,24,81,54,1.16,-1.97,L,0
Trevor Bauer,2016,Sep 18,Home,DET,AL Central,L5-9,4,5.2,6,5,30,101,65,1.4,-3.14,L,0
Trevor Bauer,2016,Sep 23,Home,CHW,AL Central,W10-4,4,7.2,4,6,30,110,74,0.69,-0.04,W,1
Trevor Bauer,2016,Oct 1,Away,KCR,AL Central,W6-3,7,6,3,9,26,96,62,1.35,0.11,W,1
Corey Kluber,2016,Apr 5,Home,BOS,AL East,L2-6,99,5.1,4,5,27,96,64,1.07,-1.64,L,0
Corey Kluber,2016,Apr 12,Away,TBR,AL East,L1-5,6,7.2,3,6,28,109,72,1.23,0.76,L,0
Corey Kluber,2016,Apr 17,Home,NYM,NL East,L0-6,4,6,6,8,28,95,62,0.47,-2.68,L,0
Corey Kluber,2016,Apr 23,Away,DET,AL Central,W10-1,5,8,1,10,26,100,64,0.24,3.06,W,1
Corey Kluber,2016,Apr 29,Away,PHI,NL East,L3-4,5,7,2,6,25,90,61,1.23,0.44,L,0
Corey Kluber,2016,May 4,Home,DET,AL Central,W4-0,4,9,0,7,32,111,77,0.86,4.98,W,1
Corey Kluber,2016,May 9,Away,HOU,AL West,L1-7,4,2.2,5,3,16,54,31,0.87,-4.05,L,0
Corey Kluber,2016,May 14,Home,MIN,AL Central,L3-6,4,6.2,4,7,30,110,66,1.1,-0.37,L,0
Corey Kluber,2016,May 20,Away,BOS,AL East,W4-2,5,7,2,6,28,105,66,0.93,1.77,W,1
Corey Kluber,2016,May 25,Away,CHW,AL Central,W4-3,4,7.1,1,9,30,106,76,1.11,2.39,W,1
Corey Kluber,2016,May 31,Home,TEX,AL West,L3-7,5,7,6,6,29,105,77,0.73,-1.76,L,0
Corey Kluber,2016,Jun 5,Home,KCR,AL Central,W7-0,4,6,0,6,21,82,55,0.79,3.32,W,1
Corey Kluber,2016,Jun 10,Away,LAA,AL West,W6-2,4,9,2,8,31,114,73,0.49,2.34,W,1
Corey Kluber,2016,Jun 15,Away,KCR,AL Central,L4-9,4,5,5,7,27,97,67,0.86,-4.76,L,0
Corey Kluber,2016,Jun 21,Home,TBR,AL East,W6-0,5,9,0,9,32,115,72,0.68,4.98,W,1
Corey Kluber,2016,Jun 28,Away,ATL,NL East,W5-3,6,8,2,7,26,87,64,1.25,1.88,W,1
Corey Kluber,2016,Jul 3,Away,TOR,AL East,L1-17,4,3.1,5,4,22,95,53,0.74,-3.35,L,0
Corey Kluber,2016,Jul 8,Home,NYY,AL East,W10-2,4,8,1,8,28,96,68,0.42,3.43,W,1
Corey Kluber,2016,Jul 18,Away,KCR,AL Central,L3-7,9,7,0,8,27,95,62,1.17,3.63,L,0
Corey Kluber,2016,Jul 24,Away,BAL,AL East,L3-5,5,7,3,8,28,101,67,0.96,0.63,L,0
Corey Kluber,2016,Jul 31,Home,OAK,AL West,W8-0,6,7,0,7,27,103,67,0.47,3.88,W,1
Corey Kluber,2016,Aug 6,Away,NYY,AL East,W5-2,5,8,1,8,27,100,67,0.99,2.19,W,1
Corey Kluber,2016,Aug 11,Home,LAA,AL West,W14-4,4,6,3,3,23,87,55,0.34,0.32,W,1
Corey Kluber,2016,Aug 16,Home,CHW,AL Central,W3-1,4,6,1,7,26,112,72,1.08,2.32,W,1
Corey Kluber,2016,Aug 21,Home,TOR,AL East,W3-2,4,6.2,2,8,29,113,71,0.79,1.07,W,1
Corey Kluber,2016,Aug 26,Away,TEX,AL West,W12-1,4,6,1,7,24,113,75,1.07,2.26,W,1
Corey Kluber,2016,Aug 31,Home,MIN,AL Central,W8-4,4,8,3,11,31,109,72,0.57,1.43,W,1
Corey Kluber,2016,Sep 6,Home,HOU,AL West,L3-4,5,7,4,9,28,112,73,0.61,-0.12,L,0
Corey Kluber,2016,Sep 11,Away,MIN,AL Central,W7-1,4,7,0,10,30,114,73,0.66,2.56,W,1
Corey Kluber,2016,Sep 16,Home,DET,AL Central,W11-4,4,7,4,7,30,101,68,0.93,-0.12,W,1
Corey Kluber,2016,Sep 21,Home,KCR,AL Central,W4-3,4,6.1,2,9,26,102,68,1.06,1.15,W,1
Corey Kluber,2016,Sep 26,Away,DET,AL Central,W7-4,4,4,2,3,18,60,39,1.26,0.03,W,1
Josh Tomlin,2016,Apr 16,Home,NYM,NL East,W7-5,99,5,1,6,19,76,50,0.76,1.77,W,1
Josh Tomlin,2016,Apr 22,Away,DET,AL Central,W2-1,5,6.2,1,4,25,85,56,1.21,2.23,W,1
Josh Tomlin,2016,Apr 27,Away,MIN,AL Central,W6-5,4,5.1,4,1,23,65,44,0.96,-2.22,W,1
Josh Tomlin,2016,May 3,Home,DET,AL Central,W7-3,5,6,2,5,26,105,64,0.85,1.32,W,1
Josh Tomlin,2016,May 8,Home,KCR,AL Central,W5-4,4,6,4,3,24,81,53,0.87,-0.31,W,1
Josh Tomlin,2016,May 13,Home,MIN,AL Central,W7-6,4,6.1,3,4,26,103,66,0.88,-0.42,W,1
Josh Tomlin,2016,May 19,Away,CIN,NL Central,W7-2,5,7.2,2,7,29,99,73,0.68,1.64,W,1
Josh Tomlin,2016,May 24,Away,CHW,AL Central,W6-2,4,8,2,6,29,99,76,0.63,1.9,W,1
Josh Tomlin,2016,May 30,Home,TEX,AL West,L2-9,5,3.2,4,1,22,76,48,0.69,-4.32,L,0
Josh Tomlin,2016,Jun 4,Home,KCR,AL Central,W7-1,4,6.1,1,4,27,100,69,1.09,1.91,W,1
Josh Tomlin,2016,Jun 9,Away,SEA,AL West,W5-3,4,6.1,2,4,26,100,70,0.85,0.9,W,1
Josh Tomlin,2016,Jun 14,Away,KCR,AL Central,L2-3,4,7,1,5,28,96,64,1.4,2.63,L,0
Josh Tomlin,2016,Jun 20,Home,TBR,AL East,W7-4,5,7,3,3,27,101,72,0.79,-0.12,W,1
Josh Tomlin,2016,Jun 26,Away,DET,AL Central,W9-3,5,8,3,3,31,105,72,0.58,1.06,W,1
Josh Tomlin,2016,Jul 1,Away,TOR,AL East,W2-1,4,6,1,8,26,99,64,1.53,2.11,W,1
Josh Tomlin,2016,Jul 6,Home,DET,AL Central,L2-12,4,4.2,5,4,23,83,57,0.96,-5.35,L,0
Josh Tomlin,2016,Jul 17,Away,MIN,AL Central,W6-1,10,7.2,1,4,31,107,74,0.92,2.74,W,1
Josh Tomlin,2016,Jul 23,Away,BAL,AL East,L2-5,5,6,4,8,24,97,71,0.53,-0.89,L,0
Josh Tomlin,2016,Jul 30,Home,OAK,AL West,W6-3,6,7,2,7,28,103,69,0.84,1.88,W,1
Josh Tomlin,2016,Aug 5,Away,NYY,AL East,L7-13,5,4.2,7,2,25,93,53,0.65,-4.72,L,0
Josh Tomlin,2016,Aug 10,Away,WSN,NL East,L4-7,4,4,7,4,21,77,52,1.16,-4.45,L,0
Josh Tomlin,2016,Aug 15,Home,BOS,AL East,L2-3,4,7.2,3,3,29,104,74,0.98,1.31,L,0
Josh Tomlin,2016,Aug 20,Home,TOR,AL East,L5-6,4,4.1,6,5,23,85,55,0.83,-3.8,L,0
Josh Tomlin,2016,Aug 25,Away,TEX,AL West,L0-9,4,4.1,7,5,22,81,53,0.58,-5.57,L,0
Josh Tomlin,2016,Aug 30,Home,MIN,AL Central,W5-4,4,1.2,4,2,12,41,28,1.12,-3.36,W,1
Josh Tomlin,2016,Sep 14,Away,CHW,AL Central,W6-1,8,5,1,2,19,72,50,0.88,1.44,W,1
Josh Tomlin,2016,Sep 20,Home,KCR,AL Central,W2-1,5,6.2,1,3,24,84,52,1.1,2.49,W,1
Josh Tomlin,2016,Sep 25,Home,CHW,AL Central,L0-3,4,6.2,1,1,26,94,70,1.12,1.24,L,0
Josh Tomlin,2016,Oct 2,Away,KCR,AL Central,W3-2,6,7.1,2,3,27,88,64,1.2,1.87,W,1
Cody Anderson,2015,Jun 21,Home,TBR,AL East,W1-0,99,7.2,0,4,29,94,61,1.32,3.8,W,1
Cody Anderson,2015,Jun 29,Away,TBR,AL East,W7-1,7,8,1,2,26,100,68,1.04,2.73,W,1
Cody Anderson,2015,Jul 4,Away,PIT,NL Central,L0-1,4,8,1,4,29,92,67,1.01,2.68,L,0
Cody Anderson,2015,Jul 9,Home,HOU,AL West,W3-1,4,6.2,1,1,23,79,49,1,2.54,W,1
Cody Anderson,2015,Jul 22,Away,MIL,NL Central,W7-5,12,2.2,4,1,18,66,48,0.82,-3.02,W,1
Cody Anderson,2015,Jul 27,Home,KCR,AL Central,L4-9,4,5.2,7,2,28,81,54,0.53,-4.24,L,0
Cody Anderson,2015,Aug 1,Away,OAK,AL Central,L1-5,4,6.2,3,4,26,100,64,0.92,-0.79,L,0
Cody Anderson,2015,Aug 7,Home,MIN,AL Central,L9-10,5,2.2,6,2,14,48,32,1.2,-3.67,L,0
Cody Anderson,2015,Aug 26,Home,MIL,NL Central,W6-2,18,4.1,2,4,17,76,47,0.67,0.4,W,1
Cody Anderson,2015,Sep 1,Away,TOR,AL East,L3-5,5,6,2,2,23,83,51,0.84,1.01,L,0
Cody Anderson,2015,Sep 6,Away,DET,AL Central,W4-0,4,7,0,3,23,92,58,1.07,3.38,W,1
Cody Anderson,2015,Sep 13(1),Home,DET,AL Central,W7-2,6,5.2,2,3,24,93,64,1.05,1.02,W,1
Cody Anderson,2015,Sep 18,Home,CHW,AL Central,W12-1,4,6.2,1,6,30,101,66,0.89,2.41,W,1
Cody Anderson,2015,Sep 24,Away,MIN,AL Central,W6-3,5,6.2,1,4,28,92,67,0.46,1.92,W,1
Cody Anderson,2015,Sep 30(2),Home,MIN,AL Central,W10-2,5,7,0,2,27,97,60,0.41,3.65,W,1
Danny Salazar,2015,Apr 18,Away,MIN,AL Central,W4-2,99,6,2,10,24,105,67,1.26,0.92,W,1
Danny Salazar,2015,Apr 24,Away,DET,AL Central,W13-1,5,7,1,11,31,115,74,0.74,2.38,W,1
Danny Salazar,2015,Apr 29,Home,KCR,AL Central,W7-5,4,6,4,7,25,96,65,1,-0.87,W,1
Danny Salazar,2015,May 5,Away,KCR,AL Central,L3-5,5,7,4,9,27,115,71,0.78,-0.45,L,0
Danny Salazar,2015,May 10,Home,MIN,AL Central,W8-2,4,7,1,11,22,102,71,0.48,2.65,W,1
Danny Salazar,2015,May 16,Away,TEX,AL West,W10-8,5,4.2,5,4,24,81,56,1.13,-3.68,W,1
Danny Salazar,2015,May 21,Away,CHW,AL Central,W5-2,4,6,0,8,25,107,75,0.77,2.8,W,1
Danny Salazar,2015,May 26,Home,TEX,AL West,L3-4,4,5.2,3,6,27,109,70,1.05,-0.24,L,0
Danny Salazar,2015,May 31,Away,SEA,AL West,W6-3,4,5.1,3,5,24,98,58,0.98,-0.72,W,1
Danny Salazar,2015,Jun 6,Home,BAL,AL East,W2-1,5,7,1,10,26,109,72,1.12,2.26,W,1
Danny Salazar,2015,Jun 12,Away,DET,AL Central,L0-4,5,7,3,6,27,106,71,0.97,0.38,L,0
Danny Salazar,2015,Jun 18,Home,CHC,NL Central,W4-3,5,4.2,2,4,21,85,53,1.1,-1.18,W,1
Danny Salazar,2015,Jun 23,Home,DET,AL Central,L3-7,4,4.1,6,8,23,99,56,1.27,-3.33,L,0
Danny Salazar,2015,Jun 30,Away,TBR,AL East,W6-2,6,7.2,1,2,27,109,64,0.8,1.42,W,1
Danny Salazar,2015,Jul 5,Away,PIT,NL Central,L3-5,4,4.2,5,7,21,88,59,1.29,-3.01,L,0
Danny Salazar,2015,Jul 10,Home,OAK,AL West,W5-1,4,8.2,0,8,32,113,78,0.91,3.24,W,1
Danny Salazar,2015,Jul 21,Away,MIL,NL Central,L1-8,10,6,3,8,24,91,62,0.46,-0.22,L,0
Danny Salazar,2015,Jul 26,Home,CHW,AL Central,L1-2,4,6.2,2,8,29,113,75,0.98,2.2,L,0
Danny Salazar,2015,Jul 31,Away,OAK,AL West,W2-1,4,8,0,4,27,111,76,0.98,2.78,W,1
Danny Salazar,2015,Aug 5,Away,LAA,AL West,L3-4,4,6,1,7,23,107,71,1.14,1.74,L,0
Danny Salazar,2015,Aug 12,Home,NYY,AL East,W2-1,6,7.1,1,8,29,110,66,1.3,2.24,W,1
Danny Salazar,2015,Aug 17,Away,BOS,AL East,W8-2,4,7,1,5,25,108,74,0.5,2.65,W,1
Danny Salazar,2015,Aug 22,Away,NYY,AL East,L2-6,4,4.2,4,6,23,100,68,0.52,-2.77,L,0
Danny Salazar,2015,Aug 31,Away,TOR,AL East,W4-2,8,7,2,10,27,103,63,1.05,1.51,W,1
Danny Salazar,2015,Sep 5,Away,DET,AL Central,L0-6,4,3.2,6,1,19,76,45,0.7,-3.43,L,0
Danny Salazar,2015,Sep 10,Home,DET,AL Central,W7-5,4,6.1,3,3,27,94,66,1.26,1.05,W,1
Danny Salazar,2015,Sep 16,Home,KCR,AL Central,W5-1,5,7,1,6,27,102,65,0.65,2.65,W,1
Danny Salazar,2015,Sep 22,Away,MIN,AL Central,L1-3,5,6,3,4,27,102,67,0.64,-0.08,L,0
Danny Salazar,2015,Sep 27,Away,KCR,AL Central,L0-3,4,5.1,2,3,23,102,61,0.85,0.77,L,0
Danny Salazar,2015,Oct 4,Home,BOS,AL East,W3-1,6,5.1,1,6,21,92,61,1.05,1.85,W,1
Carlos Carrasco,2015,Apr 8,Away,HOU,AL West,W2-0,99,6.1,0,10,23,88,60,1.2,3.06,W,1
Carlos Carrasco,2015,Apr 14,Home,CHW,AL Central,L1-4,5,0,2,0,2,8,6,1.15,-1,L,0
Carlos Carrasco,2015,Apr 21,Away,CHW,AL Central,W6-2,6,5,1,8,18,60,46,0.95,1.33,W,1
Carlos Carrasco,2015,Apr 26,Away,DET,AL Central,L6-8,4,4.1,5,5,24,91,53,1.03,-4.14,L,0
Carlos Carrasco,2015,May 1,Home,TOR,AL East,W9-4,4,6,4,6,25,101,63,1.01,-0.87,W,1
Carlos Carrasco,2015,May 6,Away,KCR,AL Central,W10-3,4,7,3,6,28,98,65,0.68,0.55,W,1
Carlos Carrasco,2015,May 12,Home,STL,NL Central,L3-8,5,6.2,4,7,31,104,73,0.83,-0.68,L,0
Carlos Carrasco,2015,May 17,Away,TEX,AL West,L1-5,4,8,5,9,32,114,77,0.6,-0.91,L,0
Carlos Carrasco,2015,May 22,Home,CIN,NL Central,W7-3,4,6,2,7,23,110,70,0.93,1.13,W,1
Carlos Carrasco,2015,May 27,Home,TEX,AL West,W12-3,4,8,1,8,28,105,70,0.47,3.17,W,1
Carlos Carrasco,2015,Jun 2,Away,KCR,AL Central,W2-1,5,7,1,8,28,104,73,1.17,2.55,W,1
Carlos Carrasco,2015,Jun 7,Home,BAL,AL East,L3-7,4,4,5,3,22,83,52,1.08,-2.84,L,0
Carlos Carrasco,2015,Jun 13,Away,DET,AL Central,W5-4,5,5.2,3,8,26,99,73,1.07,-0.21,W,1
Carlos Carrasco,2015,Jun 19,Home,TBR,AL East,L1-4,5,6.2,3,5,27,105,70,0.88,0.2,L,0
Carlos Carrasco,2015,Jun 24,Home,DET,AL Central,W8-2,4,8,2,7,28,105,77,0.69,2.17,W,1
Carlos Carrasco,2015,Jul 1,Away,TBR,AL East,W8-1,6,8.2,1,13,29,124,83,0.33,2.72,W,1
Carlos Carrasco,2015,Jul 6,Home,HOU,AL West,L4-9,4,4,5,5,21,84,55,0.71,-2.92,L,0
Carlos Carrasco,2015,Jul 11,Home,OAK,AL West,L4-5,4,7,2,7,26,103,69,1.14,1.65,L,0
Carlos Carrasco,2015,Jul 19,Away,CIN,NL Central,W5-3,7,6,1,6,22,73,49,1.04,1.79,W,1
Carlos Carrasco,2015,Jul 25,Home,CHW,AL Central,L3-10,5,4,6,5,20,85,55,0.6,-3.92,L,0
Carlos Carrasco,2015,Jul 30,Away,OAK,AL West,W3-1,4,9,1,7,30,103,72,1,3.25,W,1
Carlos Carrasco,2015,Aug 4,Away,LAA,AL West,W2-0,4,9,0,7,29,100,68,1.23,4.12,W,1
Carlos Carrasco,2015,Aug 11,Home,NYY,AL East,W5-4,6,8,2,8,27,104,69,1.1,2.17,W,1
Carlos Carrasco,2015,Aug 16,Away,MIN,AL Central,L1-4,4,7,2,7,30,100,69,0.97,1.41,L,0
Carlos Carrasco,2015,Aug 21,Away,NYY,AL East,W7-3,4,6.2,1,11,26,108,81,0.91,2.01,W,1
Carlos Carrasco,2015,Sep 8,Away,CHW,AL Central,L4-7,17,2.2,4,5,15,58,36,0.61,-3.02,L,0
Carlos Carrasco,2015,Sep 14,Home,KCR,AL Central,W8-3,5,6,1,9,23,82,56,0.93,2.13,W,1
Carlos Carrasco,2015,Sep 19,Home,CHW,AL Central,L3-4,4,5,2,9,22,102,70,1.17,-1.4,L,0
Carlos Carrasco,2015,Sep 25,Away,KCR,AL Central,W6-0,5,9,0,15,29,113,78,0.61,4.56,W,1
Carlos Carrasco,2015,Sep 30(1),Home,MIN,AL Central,L1-7,4,3,5,5,16,63,45,0.8,-4.44,L,0
Trevor Bauer,2015,Apr 9,Away,HOU,AL West,W5-1,99,6,0,11,23,111,65,0.97,2.83,W,1
Trevor Bauer,2015,Apr 15,Home,CHW,AL Central,W4-2,5,6,2,8,26,103,66,1.25,1.13,W,1
Trevor Bauer,2015,Apr 20,Away,CHW,AL Central,L3-4,4,7,0,7,26,104,64,1.13,3.27,L,0
Trevor Bauer,2015,Apr 28,Home,KCR,AL Central,L5-11,7,6,3,2,24,90,54,1.11,0.13,L,0
Trevor Bauer,2015,May 3,Home,TOR,AL East,W10-7,4,4.1,6,1,25,90,51,1.24,-4.33,W,1
Trevor Bauer,2015,May 8,Home,MIN,AL Central,L3-9,4,5,5,5,23,81,54,0.91,-2.02,L,0
Trevor Bauer,2015,May 14,Home,STL,NL Central,L1-2,5,7.1,1,10,28,110,67,1.25,3.63,L,0
Trevor Bauer,2015,May 19,Away,CHW,AL Central,W3-1,4,7.1,1,7,29,112,68,1.44,2.24,W,1
Trevor Bauer,2015,May 24,Home,CIN,NL Central,W5-2,4,7.2,1,4,29,107,67,0.85,2.8,W,1
Trevor Bauer,2015,May 29,Away,SEA,AL West,L1-2,4,7,2,10,28,113,68,1.01,1.23,L,0
Trevor Bauer,2015,Jun 4,Away,KCR,AL Central,W6-2,5,6.2,2,5,28,102,62,0.92,1.31,W,1
Trevor Bauer,2015,Jun 10,Home,SEA,AL West,L3-9,5,3.2,6,5,20,86,49,0.95,-4.25,L,0
Trevor Bauer,2015,Jun 16,Away,CHC,NL Central,W6-0,5,7,0,7,27,108,65,0.89,3.19,W,1
Trevor Bauer,2015,Jun 22,Home,DET,AL Central,L5-8,5,3,7,3,22,88,47,1.29,-5.78,L,0
Trevor Bauer,2015,Jun 28(1),Away,BAL,AL East,L0-4,5,7,4,5,27,102,67,0.64,-0.52,L,0
Trevor Bauer,2015,Jul 3,Away,PIT,NL Central,W5-2,4,6.1,2,3,22,74,48,1.06,0.73,W,1
Trevor Bauer,2015,Jul 8,Home,HOU,AL West,W4-2,4,8,2,9,30,108,75,1.07,2.17,W,1
Trevor Bauer,2015,Jul 17,Away,CIN,NL Central,L1-6,8,4,5,5,22,83,52,0.85,-3.14,L,0
Trevor Bauer,2015,Jul 23,Home,CHW,AL Central,L1-8,5,6,6,9,26,97,64,0.62,-2.26,L,0
Trevor Bauer,2015,Jul 28,Home,KCR,AL Central,L1-2,4,9,2,6,32,112,78,1.25,2.69,L,0
Trevor Bauer,2015,Aug 2,Away,OAK,AL West,L1-2,4,6.2,1,6,27,114,65,1.23,2.09,L,0
Trevor Bauer,2015,Aug 8,Home,MIN,AL Central,W17-4,5,6.1,4,8,27,110,64,0.48,-0.89,W,1
Trevor Bauer,2015,Aug 13,Home,NYY,AL East,L6-8,4,3.1,6,1,20,70,42,0.82,-4.61,L,0
Trevor Bauer,2015,Aug 18,Away,BOS,AL East,L1-9,4,1.2,5,1,12,52,31,0.98,-4.29,L,0
Trevor Bauer,2015,Aug 23,Away,NYY,AL East,W4-3,4,6.1,1,7,27,109,60,1.24,1.92,W,1
Trevor Bauer,2015,Aug 28,Home,LAA,AL West,W3-1,4,8,1,7,27,101,62,1.09,3.17,W,1
Trevor Bauer,2015,Sep 2,Away,TOR,AL East,L1-5,4,1.1,5,2,11,44,26,1.14,-3.68,L,0
Trevor Bauer,2015,Sep 7,Away,CHW,AL Central,W3-2,4,7,2,6,29,103,57,1.19,1.27,W,1
Trevor Bauer,2015,Sep 13(2),Home,DET,AL Central,L2-9,5,3,6,5,19,77,47,1.47,-4.44,L,0
Trevor Bauer,2015,Oct 1,Home,MIN,AL Central,L2-4,11,7,1,3,24,92,54,0.96,2.65,L,0
Corey Kluber,2015,Apr 6,Away,HOU,AL West,L0-2,99,7.1,2,7,26,102,67,0.84,1.62,L,0
Corey Kluber,2015,Apr 11,Home,DET,AL Central,L6-9,4,6.1,2,10,25,107,70,0.73,1.37,L,0
Corey Kluber,2015,Apr 17,Away,MIN,AL Central,L2-3,5,8,2,8,30,96,67,1.59,1.89,L,0
Corey Kluber,2015,Apr 22,Away,CHW,AL Central,L0-6,4,6,6,6,30,102,68,0.59,-3.82,L,0
Corey Kluber,2015,Apr 27,Home,KCR,AL Central,L2-6,4,6.1,4,5,30,101,64,1.13,-1.29,L,0
Corey Kluber,2015,May 2,Home,TOR,AL East,L4-11,4,5,4,3,24,91,59,1.18,-2.02,L,0
Corey Kluber,2015,May 7,Away,KCR,AL Central,L4-7,4,5.2,5,7,28,104,69,0.83,-2.19,L,0
Corey Kluber,2015,May 13,Home,STL,NL Central,W2-0,5,8,0,18,26,113,74,0.8,4.17,W,1
Corey Kluber,2015,May 18,Away,CHW,AL Central,L1-2,4,9,1,12,31,108,80,1.49,3.2,L,0
Corey Kluber,2015,May 23,Home,CIN,NL Central,W2-1,4,8,1,7,31,102,77,1.16,3.17,W,1
Corey Kluber,2015,May 28,Away,SEA,AL West,W5-3,4,7,3,13,30,112,82,0.92,0.23,W,1
Corey Kluber,2015,Jun 3,Away,KCR,AL Central,L2-4,5,8,4,9,32,110,78,0.74,0.05,L,0
Corey Kluber,2015,Jun 9,Home,SEA,AL West,L2-3,5,7,2,4,30,112,76,1.01,1.65,L,0
Corey Kluber,2015,Jun 14,Away,DET,AL Central,L1-8,4,5,2,2,19,69,47,0.73,0.41,L,0
Corey Kluber,2015,Jun 20,Home,TBR,AL East,L1-4,5,7,4,6,27,112,70,0.53,-0.35,L,0
Corey Kluber,2015,Jun 26,Away,BAL,AL East,L3-4,5,7,3,10,29,111,75,1.13,0.48,L,0
Corey Kluber,2015,Jul 2,Away,TBR,AL East,W5-4,5,8,3,14,31,115,85,1.17,-0.27,W,1
Corey Kluber,2015,Jul 7,Home,HOU,AL West,W2-0,4,6.2,0,7,27,119,80,1.2,3.14,W,1
Corey Kluber,2015,Jul 12,Home,OAK,AL West,L0-2,4,8,2,6,28,112,72,0.73,2.17,L,0
Corey Kluber,2015,Jul 18,Away,CIN,NL Central,W9-4,5,7.2,3,5,30,109,73,0.63,2.14,W,1
Corey Kluber,2015,Jul 24,Home,CHW,AL Central,L0-6,5,7,6,7,31,109,74,0.86,-1.35,L,0
Corey Kluber,2015,Jul 29,Home,KCR,AL Central,W12-1,4,9,1,6,33,112,77,0.64,3.69,W,1
Corey Kluber,2015,Aug 3,Away,LAA,AL West,L4-5,4,5.2,5,4,28,94,67,1.24,-2.47,L,0
Corey Kluber,2015,Aug 9,Home,MIN,AL Central,W8-1,5,9,1,10,30,100,76,0.25,3.69,W,1
Corey Kluber,2015,Aug 14,Away,MIN,AL Central,W6-1,4,9,1,7,28,98,69,0.53,3.38,W,1
Corey Kluber,2015,Aug 19,Away,BOS,AL East,L4-6,4,6,6,9,25,92,61,0.47,-2.87,L,0
Corey Kluber,2015,Aug 24,Away,CHC,NL Central,L1-2,4,7.2,1,11,28,121,83,0.96,2.23,L,0
Corey Kluber,2015,Aug 29,Home,LAA,AL West,W8-3,4,6,2,6,26,98,64,1.05,0.13,W,1
Corey Kluber,2015,Sep 17,Home,KCR,AL Central,L4-8,18,4,2,5,18,61,39,1,-0.92,L,0
Corey Kluber,2015,Sep 23,Away,MIN,AL Central,L2-4,5,3.2,4,6,19,72,47,0.98,-2.81,L,0
Corey Kluber,2015,Sep 28,Home,MIN,AL Central,L2-4,4,6,4,6,28,102,67,0.8,-0.87,L,0
Corey Kluber,2015,Oct 3,Home,BOS,AL East,W2-0,4,8,0,9,28,107,74,1.01,4.17,W,1
Corey Kluber,2014,Apr 2(1),Away,OAK,AL West,L1-6,99,3.1,5,2,22,77,43,0.89,-4.32,L,0
Corey Kluber,2014,Apr 8,Home,SDP,NL West,W8-6,5,6,3,8,26,105,69,1.04,-0.13,W,1
Corey Kluber,2014,Apr 13,Away,CHW,AL Central,L3-4,4,7.1,2,6,29,97,70,1.25,1.36,L,0
Corey Kluber,2014,Apr 19,Home,TOR,AL East,L0-5,5,6.2,4,3,32,111,74,0.61,-1.87,L,0
Corey Kluber,2014,Apr 24,Home,KCR,AL Central,W5-1,4,9,0,11,31,101,75,0.61,3.31,W,1
Corey Kluber,2014,Apr 29,Away,LAA,AL West,L4-6,4,4.2,3,5,28,92,55,1.25,-2.26,L,0
Corey Kluber,2014,May 4,Home,CHW,AL Central,L3-4,4,8,1,13,28,110,70,0.9,2.83,L,0
Corey Kluber,2014,May 9,Away,TBR,AL East,W6-3,4,6.2,2,9,28,99,69,1.06,0.94,W,1
Corey Kluber,2014,May 14,Away,TOR,AL East,W15-4,4,7,2,9,26,108,76,0.86,1.25,W,1
Corey Kluber,2014,May 19,Home,DET,AL Central,W5-4,4,7,3,8,30,94,67,1.33,-0.03,W,1
Corey Kluber,2014,May 24,Away,BAL,AL East,W9-0,4,7,0,9,28,103,71,0.64,3.35,W,1
Corey Kluber,2014,May 30,Home,COL,NL West,W5-2,5,7.1,2,12,27,107,74,0.94,1.58,W,1
Corey Kluber,2014,Jun 4,Home,BOS,AL East,W7-4,4,6.1,4,4,28,100,65,1.36,-1.16,W,1
Corey Kluber,2014,Jun 10,Away,KCR,AL Central,L5-9,5,5,3,5,23,78,51,0.78,-3.58,L,0
Corey Kluber,2014,Jun 15,Away,BOS,AL East,W3-2,4,5.1,2,4,23,99,63,1.05,0.39,W,1
Corey Kluber,2014,Jun 20,Home,DET,AL Central,L4-6,4,7,2,6,27,109,72,0.81,1.35,L,0
Corey Kluber,2014,Jun 25,Away,ARI,NL West,W6-1,4,7,0,8,23,113,74,0.86,3.16,W,1
Corey Kluber,2014,Jun 30,Away,LAD,NL West,L0-1,4,6.2,1,5,27,107,67,1.3,1.58,L,0
Corey Kluber,2014,Jul 6,Home,KCR,AL Central,W4-1,5,8.1,1,10,30,109,75,0.73,2.65,W,1
Corey Kluber,2014,Jul 11,Home,CHW,AL Central,W7-4,4,6,4,5,28,106,68,1.17,-1.13,W,1
Corey Kluber,2014,Jul 19(1),Away,DET,AL Central,W6-2,7,8.2,2,10,33,114,79,0.87,1.91,W,1
Corey Kluber,2014,Jul 24,Away,KCR,AL Central,L1-2,4,9,0,10,28,107,73,1,3.35,L,0
Corey Kluber,2014,Jul 30,Home,SEA,AL West,W2-0,5,9,0,8,28,85,69,0.9,4.31,W,1
Corey Kluber,2014,Aug 4,Home,CIN,NL Central,W7-1,4,7.1,1,7,31,110,77,0.81,2.94,W,1
Corey Kluber,2014,Aug 9,Away,NYY,AL East,W3-0,4,6,0,10,24,109,72,1.34,2.79,W,1
Corey Kluber,2014,Aug 15,Home,BAL,AL East,W2-1,5,7.2,1,10,31,116,76,1.34,3.61,W,1
Corey Kluber,2014,Aug 21,Away,MIN,AL Central,L1-4,5,7,3,8,30,109,67,1.08,0.31,L,0
Corey Kluber,2014,Aug 27,Away,CHW,AL Central,L2-3,5,6.1,3,8,30,118,76,1.12,-0.99,L,0
Corey Kluber,2014,Sep 1,Home,DET,AL Central,L1-12,4,2.2,5,2,15,57,38,0.83,-3.79,L,0
Corey Kluber,2014,Sep 6,Home,CHW,AL Central,W3-1,4,9,0,8,33,104,74,1.13,3.31,W,1
Corey Kluber,2014,Sep 11(1),Home,MIN,AL Central,W8-2,4,8.1,2,7,32,110,83,0.38,1.42,W,1
Corey Kluber,2014,Sep 16,Away,HOU,AL West,W4-2,4,7,1,14,30,110,77,1.34,2.25,W,1
Corey Kluber,2014,Sep 21,Away,MIN,AL Central,W7-2,4,8,2,14,32,120,81,0.68,1.79,W,1
Corey Kluber,2014,Sep 26,Home,TBR,AL East,W1-0,4,8,0,11,30,106,74,1.21,3.83,W,1
Justin Masterson,2014,Mar 31,Away,OAK,AL West,W2-0,99,7,0,4,25,92,61,1.16,3.19,W,1
Justin Masterson,2014,Apr 6,Home,MIN,AL Central,L7-10,5,3.2,5,4,22,97,53,1.2,-4.31,L,0
Justin Masterson,2014,Apr 12,Away,CHW,AL Central,W12-6,5,4.2,5,7,27,102,59,1.61,-4.32,W,1
Justin Masterson,2014,Apr 18,Home,TOR,AL East,L2-3,5,6.1,2,9,27,93,68,1.21,1.85,L,0
Justin Masterson,2014,Apr 23,Home,KCR,AL Central,W5-3,4,6.1,2,6,29,98,64,1.27,-0.54,W,1
Justin Masterson,2014,Apr 28,Away,LAA,AL West,L3-6,4,7.1,5,5,31,113,74,1.27,-3.37,L,0
Justin Masterson,2014,May 3,Home,CHW,AL Central,W2-0,4,7.1,0,6,27,101,62,1.41,3.32,W,1
Justin Masterson,2014,May 8,Home,MIN,AL Central,W9-4,4,6.1,2,7,28,97,60,1.31,-1.03,W,1
Justin Masterson,2014,May 13,Away,TOR,AL East,L4-5,4,5.1,5,4,25,76,47,0.87,-3.09,L,0
Justin Masterson,2014,May 18,Home,OAK,AL West,L3-13,4,4.1,7,1,23,70,39,1.23,-5.27,L,0
Justin Masterson,2014,May 22,Away,BAL,AL East,W8-7,3,5.2,5,2,27,96,55,1.39,-2.35,W,1
Justin Masterson,2014,May 27,Away,CHW,AL Central,L1-2,4,3,1,3,15,65,38,1.33,0.35,L,0
Justin Masterson,2014,Jun 2,Home,BOS,AL East,W3-2,5,7,0,10,26,105,67,1,3.35,W,1
Justin Masterson,2014,Jun 8,Away,TEX,AL West,W3-2,5,5.2,2,6,24,103,65,1.39,0.55,W,1
Justin Masterson,2014,Jun 13,Away,BOS,AL East,L3-10,4,2,5,0,12,59,28,1.3,-3.02,L,0
Justin Masterson,2014,Jun 19,Home,LAA,AL West,W5-3,5,7,1,5,26,116,66,1.07,2.35,W,1
Justin Masterson,2014,Jun 24,Away,ARI,NL West,L8-9,4,4,5,6,24,91,45,1.54,-2.57,L,0
Justin Masterson,2014,Jul 1,Away,LAD,NL West,W10-3,6,3,3,7,20,85,52,1.46,-3.06,W,1
Trevor Bauer,2014,Apr 9(2),Home,SDP,NL West,L1-2,99,6,1,8,25,99,65,1.36,0.87,L,0
Trevor Bauer,2014,May 20,Home,DET,AL Central,W6-2,40,6,2,5,25,95,62,0.87,0.49,W,1
Trevor Bauer,2014,May 25,Away,BAL,AL East,L2-4,4,4.1,4,8,22,105,63,1.12,-1.86,L,0
Trevor Bauer,2014,May 31,Home,COL,NL West,W7-6,5,6,2,8,23,100,70,0.99,0.87,W,1
Trevor Bauer,2014,Jun 6,Away,TEX,AL West,L4-6,5,6.1,4,6,24,97,56,0.98,-0.87,L,0
Trevor Bauer,2014,Jun 11,Away,KCR,AL Central,L1-4,4,5.1,3,1,24,93,62,0.79,-0.36,L,0
Trevor Bauer,2014,Jun 16,Home,LAA,AL West,W4-3,4,6.2,3,6,32,119,72,1.45,0.25,W,1
Trevor Bauer,2014,Jun 21,Home,DET,AL Central,L4-5,4,6.1,4,5,28,102,61,1.21,-0.9,L,0
Trevor Bauer,2014,Jun 27,Away,SEA,AL West,L2-3,5,6.1,3,5,28,111,69,1.02,-0.15,L,0
Trevor Bauer,2014,Jul 2,Away,LAD,NL West,W5-4,4,5.2,3,2,25,102,64,1.16,-0.65,W,1
Trevor Bauer,2014,Jul 8,Home,NYY,AL East,W5-3,5,7,2,6,28,112,71,1.04,0.35,W,1
Trevor Bauer,2014,Jul 13,Home,CHW,AL Central,W3-2,4,6.2,0,10,30,117,74,1.28,3.13,W,1
Trevor Bauer,2014,Jul 18,Away,DET,AL Central,W9-3,4,6,3,5,24,101,67,0.86,-0.19,W,1
Trevor Bauer,2014,Jul 23,Away,MIN,AL Central,L1-3,4,6,3,7,25,99,61,1.01,-0.16,L,0
Trevor Bauer,2014,Jul 29,Home,SEA,AL West,L2-5,5,4.1,5,3,24,78,47,1.12,-2.86,L,0
Trevor Bauer,2014,Aug 3,Home,TEX,AL West,W4-3,4,7.1,3,4,31,102,63,0.77,-0.06,W,1
Trevor Bauer,2014,Aug 8,Away,NYY,AL East,L6-10,4,3.1,3,3,21,79,46,0.86,-4.02,L,0
Trevor Bauer,2014,Aug 13(1),Home,ARI,NL West,W3-2,4,8,2,9,28,111,73,1.22,1.83,W,1
Trevor Bauer,2014,Aug 19,Away,MIN,AL Central,W7-5,5,4.2,5,4,20,87,50,0.56,-2.85,W,1
Trevor Bauer,2014,Aug 24,Home,HOU,AL West,W3-1,4,6,0,9,25,115,73,1.09,2.49,W,1
Trevor Bauer,2014,Aug 30,Away,KCR,AL Central,W3-2,5,5.2,0,6,25,105,64,1.48,2.31,W,1
Trevor Bauer,2014,Sep 4,Home,DET,AL Central,L4-11,4,5.2,4,4,28,102,59,0.88,-1.61,L,0
Trevor Bauer,2014,Sep 9,Home,MIN,AL Central,L3-4,4,8,4,8,29,102,70,0.66,-0.17,L,0
Trevor Bauer,2014,Sep 14,Away,DET,AL Central,L4-6,4,5,1,3,23,79,47,1.09,-0.63,L,0
Trevor Bauer,2014,Sep 19,Away,MIN,AL Central,L4-5,4,6,3,6,22,96,62,0.91,-0.14,L,0
Trevor Bauer,2014,Sep 24,Home,KCR,AL Central,W6-4,4,4.1,4,2,24,83,49,1.48,-2.5,W,1
Danny Salazar,2014,Apr 4,Home,MIN,AL Central,W7-2,99,5.2,2,4,25,95,55,0.82,0.77,W,1
Danny Salazar,2014,Apr 10,Away,CHW,AL Central,L3-7,5,3.2,5,10,18,93,57,1.06,-3.5,L,0
Danny Salazar,2014,Apr 17,Away,DET,AL Central,L5-7,6,4.2,5,3,23,82,49,1.26,-3.08,L,0
Danny Salazar,2014,Apr 22,Home,KCR,AL Central,L2-8,4,4.1,4,6,22,89,52,1.12,-3.27,L,0
Danny Salazar,2014,Apr 27,Away,SFG,NL West,L1-4,4,7,1,8,26,101,66,0.79,1.94,L,0
Danny Salazar,2014,May 2,Home,CHW,AL Central,W12-5,4,5,3,6,24,101,60,1.2,-1.98,W,1
Danny Salazar,2014,May 7,Home,MIN,AL Central,W4-3,4,6.1,3,7,26,90,57,0.99,0.97,W,1
Danny Salazar,2014,May 15,Away,TOR,AL East,L2-4,7,4,2,3,20,98,62,0.72,-0.14,L,0
Danny Salazar,2014,Jul 22,Away,MIN,AL Central,W8-2,67,5,1,6,24,92,63,1.25,0.99,W,1
Danny Salazar,2014,Jul 27,Away,KCR,AL Central,W10-3,4,7,3,7,28,112,77,0.79,0.38,W,1
Danny Salazar,2014,Aug 1,Home,TEX,AL West,W12-2,4,6,0,4,25,95,65,0.8,1.87,W,1
Danny Salazar,2014,Aug 6,Away,CIN,NL Central,L3-8,4,4,5,5,17,69,48,0.58,-3.23,L,0
Danny Salazar,2014,Aug 17,Home,BAL,AL East,L1-4,10,5,2,4,21,91,57,1.01,1.41,L,0
Danny Salazar,2014,Aug 23,Home,HOU,AL West,W3-2,5,6,1,7,22,98,59,0.97,0.87,W,1
Danny Salazar,2014,Aug 29,Away,KCR,AL Central,W6-1,5,5,0,3,21,72,45,0.84,2.42,W,1
Danny Salazar,2014,Sep 3,Home,DET,AL Central,W7-0,4,9,0,9,33,118,83,0.69,4.31,W,1
Danny Salazar,2014,Sep 8,Home,LAA,AL West,L3-12,4,4.2,6,4,23,91,58,1,-3.71,L,0
Danny Salazar,2014,Sep 13,Away,DET,AL Central,L4-5,4,5.2,3,7,23,86,55,1.32,-0.41,L,0
Danny Salazar,2014,Sep 18,Away,HOU,AL West,W2-1,4,7.1,1,9,27,104,72,0.84,2.47,W,1
Danny Salazar,2014,Sep 23,Home,KCR,AL Central,L1-7,4,4.2,5,8,26,91,53,0.96,-3.03,L,0
T.J. House,2014,May 23,Away,BAL,AL East,L4-8,5,6,5,1,28,81,55,1,-2.13,L,0
T.J. House,2014,May 28,Away,CHW,AL Central,L2-3,4,6.1,1,8,24,87,60,1.39,2.25,L,0
T.J. House,2014,Jun 3,Home,BOS,AL East,W5-3,5,5.2,2,4,25,93,63,1.19,1.65,W,1
T.J. House,2014,Jun 9,Away,TEX,AL West,W17-7,5,3.1,5,1,19,82,46,0.57,-4.73,W,1
T.J. House,2014,Jun 14,Away,BOS,AL East,W3-2,4,5.1,2,3,22,95,59,1.08,0.97,W,1
T.J. House,2014,Jun 29,Away,SEA,AL West,L0-3,14,6,1,5,26,87,58,0.9,0.28,L,0
T.J. House,2014,Jul 5,Home,KCR,AL Central,W7-3,5,6.2,3,3,27,87,64,0.97,0.25,W,1
T.J. House,2014,Jul 10,Home,NYY,AL East,W9-3,4,4.2,3,5,26,94,60,0.98,-1.03,W,1
T.J. House,2014,Jul 21,Away,MIN,AL Central,L3-4,10,5,3,2,22,89,56,0.88,-0.64,L,0
T.J. House,2014,Aug 2,Home,TEX,AL West,W2-0,11,5,0,7,21,97,67,1.03,1.41,W,1
T.J. House,2014,Aug 7,Away,CIN,NL Central,L0-4,4,6,3,5,26,85,55,0.49,-2.26,L,0
T.J. House,2014,Aug 20,Away,MIN,AL Central,W5-0,12,5.1,0,5,23,95,58,1.32,2.34,W,1
T.J. House,2014,Aug 26,Away,CHW,AL Central,W8-6,5,4.2,5,4,20,74,44,1.25,-2.84,W,1
T.J. House,2014,Aug 31 susp,Away,KCR,AL Central,W4-3,4,7,1,5,25,85,57,1.2,2.38,W,1
T.J. House,2014,Sep 5,Home,CHW,AL Central,W2-1,4,7,1,7,28,101,66,1.11,2.35,W,1
T.J. House,2014,Sep 11(2),Home,MIN,AL Central,W2-0,5,7,0,8,24,94,57,1.24,3.35,W,1
T.J. House,2014,Sep 20,Away,MIN,AL Central,W7-3,8,5,2,5,22,90,64,1.12,-0.61,W,1
T.J. House,2014,Sep 28,Home,TBR,AL East,W7-2,7,5,1,2,18,49,34,0.94,1.39,W,1